:020000040800F2
:10000000401E00242D040008F19600085D860008BB
:10001000B99100084D2600084DB700080000000007
:10002000000000000000000000000000819B0008AC
:10003000712F000800000000F3960008839B000861
:100040004704000847040008470400084704000864
:100050004704000847040008470400084704000854
:10006000470400084704000847040008392900082D
:1000700045290008512900085D2900086929000860
:10008000752900088129000847040008A5300008E8
:10009000B13000084704000847040008470400087E
:1000A0004704000847040008470400084704000804
:1000B00047040008470400084704000847040008F4
:1000C00047040008470400084704000847040008E4
:1000D00047040008CDB60008EDB600080DB70008CB
:1000E0004704000847040008000000004704000817
:1000F0000DAA000801AA0008470400088D2900087D
:1001000047040008470400084704000847040008A3
:1001100025AB000845AB0008470400084704000869
:1001200099290008A5290008B1290008BD2900085F
:10013000C9290008470400084704000847040008CC
:1001400000000000000000000000000000000000AF
:10015000D5290008E1290008ED2900082DB700087D
:100160004704000847040008470400084704000843
:100170004704000847040008470400084704000833
:10018000470400084704000851AB000871AB0008A1
:100190004704000847040008470400084704000813
:1001A0004704000847040008470400084704000803
:1001B00047040008470400084704000847040008F3
:1001C00047040008470400084704000847040008E3
:1001D00047040008470400084704000847040008D3
:1001E00047040008470400084704000847040008C3
:1001F00047040008470400084704000847040008B3
:1002000047040008470400084704000847040008A2
:100210004704000847040008470400084704000892
:1002200047040008470400084704000800000000D5
:1002300047040008470400080000000047040008C5
:100240004704000847040008470400084704000862
:100250004704000847040008470400084704000852
:100260004704000847040008470400084704000842
:100270004704000847040008470400080000000085
:100280004704000847040008470400080000000075
:10029000000000004704000800F002F800F0B6F883
:1002A0000AA090E8000C82448344AAF10107DA45D1
:1002B00001D100F0ABF8AFF2090EBAE80F0013F06D
:1002C000010F18BFFB1A43F00103184790C4000048
:1002D000B0C400000A444FF0000C10F8013B13F0CA
:1002E000070408BF10F8014B1D1108BF10F8015B8F
:1002F000641E05D010F8016B641E01F8016BF9D182
:1003000013F0080F1EBF10F8014BAD1C0C1B09D1D8
:100310006D1E58BF01F801CBFAD505E014F8016B4A
:1003200001F8016B6D1EF9D59142D6D370470000DC
:100330000023002400250026103A28BF78C1FBD8EE
:10034000520728BF30C148BF0B6070476E2900F0CC
:10035000DD83702900F0278566290BF03887652931
:100360000BF0358767290BF0328761290BF0318755
:1003700003681B0A28BF41F08001692900F08A83C5
:10038000642900F08783752900F084836F2900F0C9
:10039000B484782900F0F384E92900F04F84E4293B
:1003A00000F04C84F52900F04984EF2900F0B18475
:1003B000F82900F0F2840368DB0928BF41F08001CE
:1003C000632901F05B82732901F06082E32901F067
:1003D0006B82F32901F07082002070471FB50BF08B
:1003E000F1FE9DE8030000F089FA01F0BDFA040077
:1003F000002000210BF0D0FE401C60600020002196
:100400000BF0B4FEE0601FBD10B510BD01F07FFA27
:100410001146FFF7E3FF0BF0C6FD01F05BFB03B4F1
:10042000FFF7F2FF03BC01F08BFB00000948804797
:1004300009480047FEE7FEE7FEE7FEE7FEE7FEE7C6
:10044000FEE7FEE7FEE7FEE704480549054A064BDE
:1004500070470000659C000899020008F02D0024F8
:10046000401E0024F0470024401A002470B50446C2
:10047000051F00F027FA0068002C14BF446870BD07
:10048000002C18BFAC423CBF20466468F8D301681A
:100490000A18AA4218BF456003D12A6805461144CC
:1004A000016028684119A1421CBF6C6070BD616881
:1004B000696021680844286070BD70B50D46064625
:1004C000041F00F0FFF9D0F800C0C5B1E6B105F196
:1004D0000B0020F00703AB423CBF002070BD20683A
:1004E000984238BFDCF8042013D3C11A08292FD34F
:1004F000E01840F8041B2360FFF7B8FF28E03046FF
:10050000FFF7B4FF002070BD2846BDE8704000F042
:1005100024BA002A18BFA2423CBF94465268F8D3BE
:100520000119914216D111680844984212D3C11A98
:1005300008293CBF2060506808D35168E01841602A
:10054000216812681144C91A01602360CCF80400C4
:10055000201D70BD181F00F000FA050007D02168AB
:100560000A1F211D00F01DF9201DFFF77FFF2846FF
:1005700070BD53EA020C00F069802DE9F04B4FF09A
:100580000006002B1FBFB3FA83F503FA05F424FA23
:1005900005F65E4012BF1643B2FA82F502FA05F480
:1005A000C5F120051EBF22FA05FC44EA0C042035E3
:1005B00056EA044C4FEA144418BF641C4FF000087C
:1005C0004FF00009904271EB030C39D3002919BF99
:1005D000B1FA81F701FA07F6B0FA80F700FA07F6E8
:1005E000C7F120071EBF20FA07FC46EA0C06203799
:1005F000B6FBF4FCA7EB0507103F07F01F0BCBF190
:1006000020060CFA0BFB2CFA06F644BFB346002674
:10061000202FA4BF5E464FF0000B5BEA060C08BF1C
:100620004FF0010B19EB0B09ABFB027C48EB060802
:10063000C01B06FB02CC0BFB03CC71EB0C01C1E72A
:100640000B46024641464846BDE8F08B13B54FF0D5
:1006500000004FF00001AFF30080BDE81C40704780
:100660007CB51D4616460C00009001D02044401E6B
:10067000074B7B442A4669460190304600F05FFAFA
:1006800005461CB10020694600F06CFA28467CBD86
:10069000F9040000032A40F2308010F0030C00F04F
:1006A000158011F8013BBCF1020F624498BF11F8AC
:1006B00001CB00F8013B38BF11F8013BA2F1040265
:1006C00098BF00F801CB38BF00F8013B11F00303DD
:1006D00000F06780083AC0F0088051F8043B083AFF
:1006E00051F804CBA0E80810F5E7121D5CBF51F8E3
:1006F000043B40F8043BAFF30080D20724BF11F85D
:10070000013B11F801CB48BF11F8012B24BF00F8C1
:10071000013B00F801CB48BF00F8012B7047431A9A
:1007200028BF9A427FF6B6AF032A1044114440F224
:10073000268010F0030F1EBF11F8013D521E00F875
:10074000013D10F0030F7FF4F6AF11F0030300F04A
:100750000C84083AC0F00B8051F8043D083A51F877
:1007600004CD40F8043D40F804CDFFF7F3BF121D5F
:100770005CBF51F8043D40F8043DAFF30080D20760
:1007800024BF11F8013D11F801CD48BF11F8012C2B
:1007900024BF00F8013D00F801CD48BF00F8012C4E
:1007A000704710B5203AC0F00B80B1E81850203ADD
:1007B000A0E81850B1E81850A0E81850BFF4F5AF01
:1007C0005FEA027C24BFB1E81850A0E8185044BF8B
:1007D00018C918C0BDE810405FEA827C24BF51F8F8
:1007E000043B40F8043B08BF7047D20728BF31F8EC
:1007F000023B48BF11F8012B28BF20F8023B48BF3D
:1008000000F8012B70474FF0000200B513469446E4
:100810009646203922BFA0E80C50A0E80C50B1F158
:100820002001BFF4F7AF090728BFA0E80C5048BF6C
:100830000CC05DF804EB890028BF40F8042B08BF0A
:10084000704748BF20F8022B11F0804F18BF00F806
:10085000012B70474FF0013C50F8042B51F8043B3A
:100860009A4215D1A2EB0C03934313EACC130BD19C
:1008700050F8042B51F8043B9A4209D1A2EB0C0327
:10088000934313EACC13E7D04FF00000704700BF4A
:10089000D01A01BAB1FA81F101F0180122FA01F07F
:1008A000CB40C1F12001DBB2C0B2C01A2CFA01F377
:1008B000D11A914311EAC311E6D1704770477047CE
:1008C0007047000000487047E419002470477047E3
:1008D0007047704738B504460A4600206946AFF3B2
:1008E0000080002808BF38BD02460099204600F06D
:1008F00076FB012038BD012001F002B8F8B5AFF356
:100900000080054600200C46102000BF0646A819AE
:10091000A0420DD9324669460020AFF3008007009F
:1009200008BF00F0EDFF0098A04218BF0546C419AB
:10093000FFF7C8FF05600746F01D20F007004619C5
:10094000284600F045FBB44208BFF8BDA21B314663
:100950003868BDE8F84000F042BB70B50646FFF7C6
:10096000B1FF056806F10B0020F00704B4429CBFFC
:10097000002070BD2B466A68BAB11068A04210D33F
:1009800004F1080188423CBF5068586007D35168A1
:10099000101941601168091B016058601460101D36
:1009A00070BD13465268002AE7D121462846FFF75A
:1009B00091FF0028DED170BD10B500F005FB006886
:1009C00010BD10B5044600F0FFFA046010BD70B50C
:1009D000044685690068C10601D5302600E020265E
:1009E000C00707D070BDD4E9012130469047206A86
:1009F000401C20626D1EF6D570BD70B50446856939
:100A00000078C00707D170BDD4E9012120209047AC
:100A1000206A401C20626D1EF6D570BD09684A052B
:100A200001D540B27047C905FCD500B270470968CE
:100A30004A0501D5C0B27047C905FCD580B27047E0
:100A400070B50C460546012A05D02878800600D5E9
:100A5000EA69002302E0012305E05B1C934202D215
:100A6000E05C0028F9D1A869E618C01AA861286AD4
:100A7000184428622846FFF7AAFF04E0D5E90121BF
:100A800014F8010B9047B442F8D32846FFF7B5FF9E
:100A900070BD00002DE9F04106460024106875295C
:100AA000314616A510D0FFF7B9FF002802DA404200
:100AB00013A507E031688A0701D512A502E04907AE
:100AC00004D511A5012401E0FFF7B1FF00210A229E
:100AD00006F1240709E0B0FBF2FCB0FBF2F302FBE5
:100AE0001C00303078541846491C0028F3D12346A6
:100AF0002A463046BDE8F04100F0D0BA00000000C0
:100B00002D0000002B00000020000000116802688A
:100B1000006A530501D508700AE0D30501D50880A5
:100B200006E0130603D5C217C1E9000200E0086021
:100B30000120704701694A1C02610878704700B5BE
:100B40008FB0CDE901310021059105497944CDE906
:100B500003101146684600F031F90FB000BD0000E7
:100B6000E5FFFFFF0A6802F8010B0A607047D1E950
:100B700000239A4202D2531C0B6010707047000091
:100B80002DE9FF5F15468A460446DFF8AC80F8443D
:100B90000027D8E900103E46CDE9001010E03AF8F1
:100BA00016106A4602A800F08BFE411C07D021787F
:100BB000890603D5E269391891420DD80744761C9D
:100BC0002078800602D5E069B84205DDAE42E6DB5A
:100BD0003AF816000028E2D1A069C01BA0612046A7
:100BE000FFF7F5FED8E90010CDE90010002017E06E
:100BF0003AF818106A4602A800F062FEB0F1FF3F12
:100C000081460BD000250DF1080B05E0D4E9012148
:100C10001BF8050090476D1C4D45F7D308F1010006
:100C2000B0428046E4DB206A384420622046FFF769
:100C3000E4FEBDE8FF9F0000CEBA00002DE9F041C0
:100C40008046D21D22F007020025D2E90002F529D4
:100C500015A614D0011E72F1000106DA0023D0EBB4
:100C6000030063EB020211A608E0D8F800108B071E
:100C700001D50FA602E0490701D50EA601251146B0
:100C8000002408F1240704E000F0C3F930323A559B
:100C9000641C50EA0102F7D12B46324621464046F9
:100CA000BDE8F04100F0FAB9000000002D0000009E
:100CB0002B0000002000000030B4002100F12404CB
:100CC00008E002F00705D208303542EA4372DB083B
:100CD0006554491C52EA0305F3D10468002310A2AD
:100CE000250707D5A40600D421B1C46901230DA2AC
:100CF000641EC46130BC00F0D1B910B50446214671
:100D00001068FFF794FE02462046BDE8104000231D
:100D1000D2E7D21D22F00701D1E90023CCE7000081
:100D20000000000030000000F0B40D460188090505
:100D300002D5214C7C4402E01F4C7C440E3400213F
:100D400000F1240608E002F00F071209E75D42EA0D
:100D500003721B097754491C52EA0307F3D1027846
:100D60000023120704D5702D06D009B102231134D7
:100D70002246F0BC00F092B901231034F8E770B5B8
:100D800004460D4621461068FFF751FE02462946EB
:100D90002046BDE870400023C6E7D21D22F00703BD
:100DA000D3E90023C0E70368126843F0200303601F
:100DB0000823C3610023B7E730B900002DE9F05FD5
:100DC000894604464FF0000ADFF874B1FB44C0F8CE
:100DD00020A02046E1688847002874D0252806D046
:100DE000D4E901219047206A401C2062F1E70026E7
:100DF0005F462046E16888472028054607DB312DFD
:100E000005D2781910F8200C08B10643F1E7B007B5
:100E100001D526F00406C4F81CA00027C4F818A0C9
:100E20002A2D09D028460BF0ABF838B304EB87081D
:100E3000303DC8F8185019E059F8041B204604EB5F
:100E400087029161E1688847012F054618D1E06962
:100E5000002820DA26F020061DE0D8F8180000EB64
:100E6000800005EB40003038C8F818002046E168E3
:100E7000884705460BF084F80028EED1012F0AD0F0
:100E80002E2D08D12046E16888477F1C0546022F99
:100E900046F02006C4DBA069002803DA404246F091
:100EA0000106A061F00701D026F010066C2D0BD0D2
:100EB000682D09D04C2D39D06A2D35D0742D35D000
:100EC0007A2D33D016E038E0E1682F462046884777
:100ED000B842054609D16C2F26D04FF48060E168F6
:100EE000064320468847054604E06C2F1AD04FF48D
:100EF000807006430DB3A5F14100192802D82035B2
:100F000046F400664A462946204626604E46FFF7CC
:100F10001DFA80B101280BD0F61D26F0070000F164
:100F2000080956E74020E4E78020D8E70020D6E70C
:100F300006F104094DE7284652E7206ABDE8F09F14
:100F4000C0B80000431A28BF9A427FF62AAC10446A
:100F500010F0030F11441EBF11F8013D521E00F89E
:100F6000013D10F0030F7FF4F6AF103AC0F00A8095
:100F700010B531E91850103A20E91850BFF4F9AF14
:100F8000BDE81040530724BF31E9081020E90810DC
:100F900044BF51F8043D40F8043D12F0030F08BF70
:100FA0007047D20728BF31F8023D48BF11F8012C25
:100FB00028BF20F8023D48BF00F8012C7047000010
:100FC00000487047DC19002400487047DC190024F1
:100FD00000210160C0E901107047102070470346EE
:100FE00040688C46002818BF88423CBF03464068D2
:100FF000F8D318681844884207D00CF1030020F099
:101000000700001D411A521A0146081D0A60FFF729
:101010002DBA30B5B0F10A024FEA900E71F100031B
:101020004EEA817EB0EB0E0061EB91014FEA101E9B
:101030004EEA017E10EB0E0041EB11114FEA102E2B
:101040004EEA016E10EB0E0041EB11214FEA104EFB
:101050004EEA014E10EB0E0041EB1141401841F1F8
:1010600000014FEAD00040EA41704FEAD10110EB95
:1010700080054FEA810444EA907444EB01046D1941
:1010800044EB0404521BA3414FF0000348BF0A3253
:1010900000D530BD401C41F1000130BD2DE9F047C5
:1010A0000D4699469246044600F1240801688806D8
:1010B00004D5E06921F01001216000E00120A84280
:1010C00001DD471B00E00027A1697A1902EB090046
:1010D000081AA0612078C00602D42046FFF777FCEA
:1010E000002608E0D4E901211AF806009047206A9A
:1010F000401C761C20624E45F4DB2078C0060AD5E1
:101100002046FFF764FC06E0D4E901213020904737
:10111000206A401C2062381EA7F10107F4DC07E0BA
:10112000D4E9012118F805009047206A401C20628C
:10113000281EA5F10105F3DC2046FFF75EFC2078B0
:10114000000602D50220BDE8F0870120FBE77047CA
:101150002DE9FF4F0C461E464FF0FF378BB0D2E90A
:101160000001DDF860800A908A46C1F30A5505B98E
:101170003D46002108464FF00000BAF1000F00F490
:10118000400005DA00EB80004FF4400101EA500016
:101190004FEA9059B9F1010F00DDB9460A9850EABB
:1011A0004A000ED044F61050A5F2FF3545432F14E7
:1011B000B8F1000F1ED07542291E1EDDC9F10002D4
:1011C0001CE0B8F1010F4FF0000001D0302103E026
:1011D000F24305E02154401CB042FBDB30460022C4
:1011E000002121540B99C1F80880C1E900200FB0FB
:1011F000BDE8F08FBD1B6D1CDEE74A4600DA694290
:1012000006A800F0F5FB06AB93E8070003AB83E804
:10121000070050460A9900F0BAFC8DE80700A0F5D7
:1012200000501F3800900398002D0ADD42F21F0184
:101230004A460844002303A90390684600F023FFB0
:1012400009E0A0F500504A461F38002303A9039087
:10125000684600F02DFF8DE807000004000C03D065
:101260004FF0FF30410800E01046B8F1000F03D006
:101270000022009215461EE0751E05D4FFF7C9FE38
:10128000303262556D1EF9D5B3460122084302D0B3
:1012900000227F1C04E02078302801D100227F1E2C
:1012A000002A099784D01DE0112D07DAFFF7B1FE5F
:1012B000303262556D1C50EA0102F5D1084302D06C
:1012C0000098C8B10EE00021681E05E0235C625C56
:1012D00063542254401E491C8142F7DBAB46A81BD5
:1012E000401E0990002004F80B000B98099AC0F8E2
:1012F0000880C0E9002B7AE711264FF0000857E775
:101300002DE9F04F88460446D21D22F0070191B026
:10131000D1E90001CDE90A010AF0BAFB02460B98B7
:10132000C00F01D02D2007E02068810701D52B20B8
:1013300002E0202101EAC000032A099001D0072A17
:1013400005DB03464146204600F012FB0BE1207806
:10135000800601D5E06900E00620B8F1650F8146FE
:1013600006D0B8F1660F18D0B8F1670F70D131E030
:101370000020B9F1110F009001DB112301E009F108
:1013800001030AAA01A90CA8FFF7E2FEDDE90C702F
:10139000002609F10105834647E001204B460090F5
:1013A0004FF000470AAA01A90CA8FFF7D1FEDDE91A
:1013B0000DB00C995D46002610B909F101000D1819
:1013C000B9EB050003D4C0F1FF3609F10105A5EB27
:1013D00009002BE0B9F1010F01DA4FF001090020FB
:1013E000B9F1110F0090484601DD112300E00346DA
:1013F0000AAA01A90CA8FFF7ABFEDDE90C704D4667
:1014000000268346207800070AD4AB4500DA5D4603
:1014100001A8012D04DD411911F8011C302907D064
:101420004F4502DA17F1040F04DA012082460FE07B
:101430006D1EEEE7002F02DCED1B3E4403E0781C3E
:10144000A84200DD7D1CB81B00F1010A4FF00047E7
:101450002078000703D4AA4501DB4FF0FF3A0021B2
:10146000B7F1004F0DF143088DF8431024D002204E
:101470002B23002F01DA7F422D230A21021EA0F127
:10148000010000DC5FB197FBF1FC97FBF1F201FB7F
:101490001C7C17460CF1300C08F801CDEEE7A8F1E2
:1014A000010003702188090501D5452100E065216F
:1014B000A0F1010800F8011C09980FA9A1EB080789
:1014C000FF1D00B10120411901EBEA70A169384408
:1014D000081A401EA0612078C00602D42046FFF7FB
:1014E00076FA099828B1D4E901219047206A401C76
:1014F00020622078C00622D52046FFF768FA1EE059
:10150000002E04DBB34502DD01A8805D00E0302041
:10151000D4E901219047206A401C2062761CAAF180
:1015200001005FEA000A0AD100F01EFAC0680168F3
:10153000405CD4E901219047206A401C2062281EAB
:10154000A5F10105DCDC07E0D4E9012118F8010B65
:101550009047206A401C2062381EA7F10107F3DC87
:101560002046FFF74AFA032011B041E62DE9F04F7B
:1015700004460D46D21D22F0070089B0D0E900973D
:10158000484639460AF084FA0246F80F01D02D2366
:1015900007E02068810701D52B2302E0202101EA22
:1015A000C0038DF820300BB1012000E00020032A99
:1015B000824601D0072A04DB2946204600F0D8F9EC
:1015C0003FE12078800601D40D2500E0E569C7F3EE
:1015D0000A560D2D49DA00214FEA175B08464FF0F5
:1015E0000000002F00F4400007DA00EB80004FF409
:1015F000400100EBD07001EA60008115012901DD96
:101600004FF0FF3100224FEA850CBCF1180F06D3D2
:101610001346ACF118004FF08052C24003E04FF483
:10162000801323FA0CF30CF10C0CBCF1200F04D343
:10163000ACF1200C09FA0CF001E007FA0CF00029DB
:101640004FF0004801DD18B90FE00ED140450CD332
:1016500019EB02095F4121B9404502D19F4329EAB4
:101660000209BBEB175F00D0761C2088000502D56D
:101670007B48784402E07A487844193808AA302335
:1016800002F80A30037C0AF10101002E0AF1020A75
:1016900053546A4602DC4FF0300101E04FF0310153
:1016A0004FF001088DF8001002D0A6F2FF3603E0DB
:1016B00059EA470100D06B4E002D02DC2178090762
:1016C00004D54FF002082E218DF80110C4460021E8
:1016D0000BE0C7F303433F01C35C491C6D1E02F8D6
:1016E0000830052908F1010801DA002DF1DC00219C
:1016F0000CE000EB1973491C1B786D1E082902F8D9
:1017000008304FEA091908F1010801DA002DF0DC70
:1017100021688B0602D516E0A8F10108E04505DD39
:1017200002EB080313F8013C302BF5D0B8F1000FA1
:1017300009DD02EB080313F8013C2E2B03D1090746
:1017400001D4A8F10108002D05DD3E2102F80810A2
:101750006D1E08F10108407C002E02F8080008F117
:10176000010804DA2D20764202F8080002E02B205E
:1017700002F808000A214FF47A70864208F1010845
:101780000BDB96FBF0F3303302F8083096FBF0F3F6
:1017900008F1010800FB136601E0642E0CDB6420F5
:1017A00096FBF0F3303302F8083096FBF0F308F1C3
:1017B000010800FB136601E00A2E06DB96FBF1F040
:1017C000303002F8080008F1010896FBF1F001FB47
:1017D0001060303002F80800A16908F1010808EB38
:1017E000050202EB0A00081AA0612078C00602D4A4
:1017F0002046FFF7ECF8216A08AE01EB0A002062F0
:1018000004E0D4E9012116F8010B9047BAF1010A6E
:10181000F7D22078C00602D52046FFF7D8F86E46EA
:1018200009E016F8010B3E280FD0D4E901219047BA
:10183000206A401C2062B8F10108F2D22046FFF76E
:10184000DCF809B00320BDE8F08F206A284420624C
:1018500003E0D4E90121302090476D1EEBD3F8E777
:101860003EB0000002FCFFFF10B5436913B1AFF3B7
:10187000008001E0FFF7E4F8012010BD127800F1CC
:1018800024010A7000224A700122EDE711684FF02E
:10189000FF32E9E710B5436913B1AFF3008001E00F
:1018A000FFF76EF9012010BD128800F12401828437
:1018B0000022C2840122EDE711684FF0FF32E9E710
:1018C00070B516460C46054600F046F8036893F8D6
:1018D0000101012806D0FF2C0FD8185D68B1012046
:1018E0002C7070BDD3F807013246214603F207136E
:1018F00003442846BDE8704018474FF0FF3070BDE4
:1019000010B500F0F5F8BDE8104000F0ECB87546F1
:10191000FFF756FBAE4605006946534620F0070028
:10192000854618B020B5FEF78FFDBDE820404FF08A
:1019300000064FF000074FF000084FF0000B21F0B9
:101940000701AC46ACE8C009ACE8C009ACE8C00986
:10195000ACE8C0098D46704710B500F005F8001DD1
:1019600010BD00BF35A8000000487047FC190024D6
:101970002DE9F0411F46044603260168072A01F4B9
:10198000006004DB08B116A505E016A503E008B168
:1019900015A500E015A521F010002060A069C01E6B
:1019A000A0610FB1401EA0612046FFF710F84FB1B3
:1019B000D4E9012138469047206A401C2062C01CAF
:1019C000206206E0206AFAE7D4E9012115F8010B4C
:1019D0009047761EF8D22046FFF70FF8BDE8F08159
:1019E0004E414E006E616E00494E4600696E6600C3
:1019F0002DE9F047814616468AB0354878440DC82F
:101A00008DE80D0032487844801C03AC0DC884E892
:101A10000D0041F69B300844372190FBF1F290FB1A
:101A2000F1F5A5F1800501FB12041B3C02D56442CF
:101A3000012000E00020DFF898A080460027FA444B
:101A4000AAF1BE0A0EE0E0070AD03246684607EB6C
:101A5000470101230AEB810100F02AFB8DE8070012
:101A600064107F1C002CEED1194F7F44AE3F19E06B
:101A7000E80715D007EB04100DF1180A90E80E00E6
:101A80008AE80E00C068F04201D1981908903246E9
:101A9000012306A903A800F00BFB03AB83E80700B2
:101AA0006D10641C002DE3D14FF0010332466946EE
:101AB000B8F1000F03A802D000F0E5FA01E000F051
:101AC000F7FAC9E90001C9F808200AB0BDE8F087B3
:101AD00044AD000010B50446AFF300802046BDE8D9
:101AE0001040FEF79CBC002801D000F029B87047D8
:101AF00010B5012805D0002103A000F028F801202E
:101B000010BD09A1F8E7000053494752544D454D17
:101B10003A204F7574206F662068656170206D658E
:101B20006D6F7279000000003A2048656170206D89
:101B3000656D6F727920636F727275707465640081
:101B400001491820ABBEFEE726000200704770B5C1
:101B500005460C460A2000E06D1C00F011F835B176
:101B600028780028F8D102E0641C00F009F814B1CC
:101B700020780028F8D1BDE870400A20AFF300803B
:101B800008B569468DF800000320ABBE08BD5FEACA
:101B9000400C08BF91F0000F4FEA8C234FEAC1229E
:101BA00043EA51514FEA1C5018BF00F5F0404FEA8C
:101BB000300018BF41F000415FEA6C5C00F0298002
:101BC000BCF1FF3F08BF40F080407047130C06BFD8
:101BD00012044FF0100C4FF0000C130E04BF120251
:101BE0000CF1080C130F04BF12010CF1040C930F3D
:101BF00004BF92000CF1020CD30F04BF52000CF191
:101C0000010C11464FF00002A0F11F00A0EB0C00E8
:101C1000704711F0004F08BF704731F000413FF4AA
:101C2000D5AF0B0C06BF09044FF0100C4FF0000CA1
:101C30000B0E04BF09020CF1080C0B0F04BF0901C5
:101C40000CF1040C8B0F04BF89000CF1020CCB0FBC
:101C500004BF49000CF1010CCCF12003A0EB0C00F7
:101C600022FA03F302FA0CF241EA030100F1010047
:101C7000704720F07F4C80EA030023F07F47ACEBF5
:101C8000070303F57C5300F0004003F1FF032DE947
:101C900080494FEA154B09B44FEA144325EA0B4E2D
:101CA00024EA03480FF2042606EB132749083E787E
:101CB0005FEA320203FB0667C7F5000707FB06F67B
:101CC0004FEA54374FEAD64606F1020607FB066C88
:101CD000CCF1005C4FEA1C472CEA074C07FB06F4EA
:101CE0000CFB06F504EB15464FEA961634BF0020B0
:101CF0004FF000404FEAD13706FB07FC4FEA1C4C7F
:101D00000CFB0BF7D21B03FB0CF761EB07010CFB81
:101D10000EF7B0EB074072EB17420CFB08F734BF2D
:101D2000A2EB0742B2EB074261EB17414FEA0C44CA
:101D30004FEA910706FB07FC4FEA1C4C0CFB0BF724
:101D4000B0EBC74072EB573203FB0CF734BFA2EB8A
:101D5000C742B2EBC74261EB57310CFB0EF7B0EB59
:101D6000C70072EB57720CFB08F734BFA2EBC70237
:101D7000B2EBC70261EB5771039F4FEA816141EA01
:101D8000921104EBCC044FEAD1374FEA826206FB92
:101D900007FC42EA90124FEA80604FEA1C4C0CFBB1
:101DA0000BF7D21B03FB0CF761EB07010CFB0EF7E3
:101DB000B0EB074072EB17420CFB08F734BFA2EB05
:101DC0000742B2EB074261EB17414FEA8C554FEAED
:101DD000910704EB9C2406FB07FC4FEA1C4C0CFB10
:101DE0000BF7B0EBC74072EB573203FB0CF734BF75
:101DF000A2EBC742B2EBC74261EB57310CFB0EF7C7
:101E0000B0EBC70072EB57720CFB08F734BFA2EBC4
:101E1000C702B2EBC70261EB577115EB4C254FEAD5
:101E2000816141EA92114FEA82624FEAD13742EA78
:101E3000901206FB07FC44F100044FEA80604FEA71
:101E40001C4C0CFB0BF7D21B03FB0CF761EB0701DF
:101E50000CFB0EF7B0EB074072EB17420CFB08F7D8
:101E600034BFA2EB0742B2EB074261EB174115EB1F
:101E70001C154FEA813141EA92414FEA823242EA2F
:101E800090424FEA80304FEA0C7644F1000448EA71
:101E900003434EEA0B484FF0000EB2EB080C71EB17
:101EA000030724BF624639464EEB0E0E4FF0000B7F
:101EB0000018524149414BEB0B0BB2EB080C71EB94
:101EC00003077BF1000B24BF624639464EEB0E0E32
:101ED0004FF0000B0018524149414BEB0B0BB2EB9A
:101EE000080C71EB03077BF1000B24BF62463946F7
:101EF0004EEB0E0E51EA020718BF46F0010616EB34
:101F00000E7655F1000254F1000103D5BDE88901B8
:101F1000BDE80088BDE88901BDE80048B619524116
:101F200041EB0101A3F10103704780807F7E7D7C3E
:101F30007B7A7978777676757473727171706F6E5B
:101F40006E6D6C6C6B6A6A69686867666665646406
:101F5000636362616160605F5F5E5E5D5D5C5C5B90
:101F60005B5A5A59595858575756565555555454FF
:101F7000535352525251515050504F4F4F4E4E4D5D
:101F80004D4D4C4C4C4B4B4B4A4A4A4949494848A9
:101F900048474747474646464545454444444443E9
:101FA00043434342424242414141002B9C4630D48C
:101FB00077002BD01CB54FEA370703B44FF0100061
:101FC0004FF01001BAF1000F06D0BCF1000FDCBFDA
:101FD00040F0080040F008014FF000000FBCBDE8E1
:101FE00010400BF1010BBBF1010F08BF5FEA1707AF
:101FF00022BF12F1010211F101014FF0004143F142
:10200000000300F0004043EA00007047F9D357088E
:10201000D0E746EA064613F1400F4FEA16461FDDA9
:1020200013F1200FDFBF16430A46002120335B4225
:10203000BED0C3F1200746EA064602FA07F74FEA88
:10204000164646EA0706C3F1200722FA03F201FA10
:1020500007F721FA03F14FF0000342EA0702A7E76E
:1020600046EA020646EA06464FEA164646EA0106F0
:10207000BCBF46EA0646360C4FF000034FF00002A4
:102080004FF0000194E72DE9804C9A46934670B4D6
:1020900091E8380007C831EA400C48BF34EA430CE5
:1020A00003D5FFF7E6FDFFF780FFF0BCBDE8008C2D
:1020B0002DE9804C9A46934670B491E8380007C8E1
:1020C00010F0804F08BF13F0804F03D100F005F8E7
:1020D000FFF76BFFF0BCBDE8008C20F07F4780EA83
:1020E000030023F07F4C07EB0C03A3F57C5300F0B7
:1020F0000040A3F1FE0392F0000F00F0B38095F0D2
:10210000000F00F077802DE901494FEA11404FEAB6
:10211000144621EA004800FB06FC24EA064708FBB7
:1021200006F607FB08F800FB07F718EB06484CEB30
:10213000164C4FEA124B18EB07484FEA15464CEB8A
:10214000174022EA0B4E0BFB06FC25EA06470EFB66
:1021500006F607FB0EFE0BFB07F71EEB064E4CEBDD
:10216000164C4FF000061EEB074E4CEB174B18EBCE
:102170000B0840F1000018EB0E0B58EB000840F183
:1021800000008F1A4FF000013CBFC943661B14BF0B
:10219000B5EB040C00213CBFC943F61B4FEA1744C2
:1021A0004EEA8E0E27EA04454FEA1C4704FB0762FD
:1021B0002CEA074C05FB07F70CFB05F604FB0CFCAF
:1021C00016EB074642EB174216EB0C4642EB1C425D
:1021D0001BEB060658EB0202414146EA9E0601D57A
:1021E000BDE80189B619524141EB0101A3F1010398
:1021F000BDE801894FEA14454FEA114724EA054634
:1022000021EA074C05FB07F406FB07F70CFB06F178
:1022100005FB0CFC11EB074144EB17444FEA124756
:1022200011EB0C4144EB1C4422EA074C05FB07F27E
:1022300006FB07F70CFB06F605FB0CFC16EB074646
:1022400042EB174216EB0C4642EB1C456A1854F160
:10225000000148BF7047B619524141EB0101A3F19B
:102260000103704795F0000F37D04FEA11424FEA53
:10227000144721EA024624EA074C02FB07F106FB59
:1022800007F70CFB06F402FB0CFC14EB074441EBD4
:1022900017414FEA154714EB0C4441EB1C4125EA6A
:1022A000074C02FB07F506FB07F70CFB06F602FBE3
:1022B0000CFC16EB074645EB174516EB0C4645EBB9
:1022C0001C42121951F1000148BF7047B619524122
:1022D00041EB0101A3F1010370474FEA14454FEAB6
:1022E000114724EA054621EA074C05FB07F106FBE6
:1022F00007F70CFB06F24FF0000605FB0CFC12EB97
:10230000074241EB174112EB0C4251EB1C4148BF15
:102310007047921841EB0101A3F1010370470000DF
:102320009FED062AC0ED081A80ED042A80ED052AEB
:1023300080ED062A80EC030A7047000000000000D0
:1023400030EE600AB2EE0E1AD0ED051A90ED012AB9
:10235000D0ED002ADFED1B0AB4EEC10A80ED030ABE
:10236000F1EE10FA80ED081A40EE021A20EE221A61
:1023700080ED041AC0ED051A09DC1349C97B31B19F
:10238000FAEE0E1AB4EEE10AF1EE10FA01D2C0ED47
:10239000050A90ED092AD0ED020AD0ED051A80ED6C
:1023A000090A30EE420A31EE211A60EEC00AC0ED91
:1023B000060A31EE200A80ED070AFDEEC00A10EE93
:1023C000900A704700000000C406002430EE600A46
:1023D0009FED1F1AD0ED051A90ED012AD0ED002ACD
:1023E000DFED1C0AB4EEC10A80ED030AF1EE10FA2B
:1023F00080ED081A40EE021A20EE221A80ED041A2F
:10240000C0ED051A09DC1449C97B31B1DFED131A9F
:10241000B4EEE10AF1EE10FA01D2C0ED050A90ED3A
:10242000092AD0ED020AD0ED051A80ED090A30EE36
:10243000420A31EE211A60EEC00AC0ED060A31EE02
:10244000200A80ED070AFDEEC00A10EE900A7047E0
:102450000000164300000000C4060024000016C35C
:1024600030EE600A90ED052AD0ED011AD0ED002A79
:1024700090ED081A00EE212A60EE221ADFED0E0A16
:10248000B4EEC10A80ED030AF1EE10FAC0ED041AB1
:1024900080ED052A06DCB1EE411AB4EEC10AF1EE78
:1024A00010FA01D2C0ED050A90ED050A31EE800A5E
:1024B00080ED070A704700000000000030EE600A5F
:1024C00090ED001AD0ED0A0A80ED030A20EE011A01
:1024D000F5EEC00AF1EE10FA80ED041A13D0D0ED3B
:1024E0000B1AF5EEC01AF1EE10FA0CD1B4EEE01AA8
:1024F000F1EE10FA18DCF1EE600AB4EEE01AF1EE3B
:1025000010FA11D31AE0F5EEC00AF1EE10FA15D068
:10251000D0ED0B1AF5EEC01AF1EE10FA0ED0B4EEB3
:10252000E01AF1EE10FA02DDC0ED040A06E0B4EEA6
:10253000E11AF1EE10FA01D2C0ED041AD0ED051A3D
:1025400090ED012AB2EE0E1ADFED190A40EE021AE2
:10255000B4EEC10A80ED081AF1EE10FAC0ED051ACA
:1025600009DC1449C97B31B1BAEE0E1AB4EEC10AC6
:10257000F1EE10FA01D2C0ED050A90ED091AD0ED86
:10258000020AD0ED041A30EE411A90ED052A80EDD2
:10259000090A31EE820A60EEC10AC0ED060A30EE89
:1025A000200A80ED070AFDEEC00A10EE900A70477F
:1025B00000000000C406002430EE600A9FED1F1AE0
:1025C000D0ED051A90ED012AD0ED002ADFED1C0AAE
:1025D000B4EEC10A80ED030AF1EE10FA80ED081A9C
:1025E00040EE021A20EE221A80ED041AC0ED051A00
:1025F00009DC1449C97B31B1DFED131AB4EEE10AED
:10260000F1EE10FA01D2C0ED050A90ED092AD0EDE5
:10261000020AD0ED051A80ED090A30EE420A31EEC9
:10262000211A60EEC00AC0ED060A31EE200A80EDE4
:10263000070AFDEEC00A10EE900A7047000016432C
:1026400000000000C4060024000016C3FEE70000DE
:1026500000B58DB0014630226846FEF7A2F8034867
:102660000FC806F0CDFE0DB0002000BDF000002424
:1026700000B58DB0014630226846FEF792F8034857
:102680000FC806F0BDFE0DB0002000BD0001002403
:102690000FB40246F2EE090A00B59DF8300000F0D2
:1026A0000F00A2F8D400BDF8310040BA00EE100AC5
:1026B000B8EE400A82ED020A9DF833109DF834000E
:1026C000BDEEC00A090100F00F0341EA101050806E
:1026D0009DF83500102140EA0320908010EE100A8A
:1026E000BAEE090A09F02DFDDFED140A9FED141B67
:1026F0000C2120EE200AB7EEC00A80EE012BF3EE8B
:102700000E0AB7EEC20B82ED370AB2F90200BBEE39
:102710000E0A09F016FD82ED380AB2F904000C2108
:10272000F2EE040ABAEE040A09F00BFD82ED390A52
:102730009DF83600907100205DF814FB00003443D2
:102740004AD8124DFB21094010B588B0044601ABB0
:10275000002002210090012283E8070004906946CE
:102760000590206802F0D3F820680022012102F0D1
:1027700043F8206802F095FD08B010BD50F8042F12
:10278000F4315160C1E900200160704710B58AB092
:102790000C68002308220493CDE90043CDE90232FE
:1027A0000A1D05930693694607930893006802F093
:1027B00073F810B100200AB010BD0120FBE7000043
:1027C00070B5214B0E9A98423E99C2F30723A1F2AD
:1027D0000125A1F20524D2B208D1032D01D81B484E
:1027E0000BE0032C2DD819480C3013E0184EB042E2
:1027F00027D1032D0AD81548243000EB4100A0F55D
:10280000805080F8023C80F8032C1AE0032C0AD890
:102810000E48303000EB4100A0F5805080F8FA3BC4
:1028200080F8FB2B0DE0A1F20920022809D8074807
:102830003C3000EB4100A0F5805080F8F23B80F87E
:10284000F32B002070BD0000D416002414000024D7
:102850007417002470B5194B0E9A98423E99C2F332
:102860000723A1F20524A1F20925D2B208D1032C35
:1028700001D813480BE0022D1ED811480C3013E08C
:10288000104EB04218D1032C0AD80D48243000EB6A
:102890004100A0F5805080F8FA3B80F8FB2B0BE05C
:1028A000022D09D80648303000EB4100A0F58050D9
:1028B00080F8F23B80F8F32B002070BDD416002482
:1028C000200000247417002410B590ED020ADDE901
:1028D0000921BDEEC00A94B2130C62BA8CB200EEAC
:1028E000902A090C817110EE101AB8EE600A5BBADA
:1028F0004380818164BA80ED020AFDEEC00A8480C3
:1029000010EE901A0180002010BD0000074B0268F5
:102910009A4202D1064AD1601060064B02689A4280
:1029200003D1034A1032D1601060704700A000400C
:10293000F000002400A40040014801F033B800007A
:10294000302A0024014801F02DB80000102C00248A
:10295000014801F027B80000882C0024014801F04C
:1029600021B80000982B0024014801F01BB800009A
:10297000202B0024014801F015B800004029002454
:10298000014801F00FB80000A82A0024014801F016
:1029900009B80000002D0024014801F003B8000030
:1029A00070260024014800F0FDBF0000E826002446
:1029B000014800F0F7BF0000C8280024014800F0DB
:1029C000F1BF000060270024014800F0EBBF0000C9
:1029D000D8270024014800F0E5BF0000B8290024F2
:1029E000014800F0DFBF000050280024014800F03B
:1029F000D9BF0000782D0024264A016891422CD0CE
:102A0000254A914229D0254A914226D0244A914212
:102A100023D0244A914220D0234A91421DD0234AF8
:102A200091421AD0224A914217D0224A914214D0A0
:102A3000214A914211D0214A91420ED0204A91421E
:102A40000BD0204A914208D01F4A914205D01F4A1C
:102A5000914202D01E4A914217D11E4BCAB2103A7F
:102A6000A3FB02321209DFF870C002F007031CF862
:102A70000330C365032A04D96FF30901091D816579
:102A800006E06FF30901816502E021F0FF01816535
:102A9000806D704710000240280002404000024054
:102AA000580002407000024088000240A00002402E
:102AB000B8000240100402402804024040040240D2
:102AC000580402407004024088040240A0040240FE
:102AD000B8040240ABAAAAAA34C5000801680123C1
:102AE000DFF894C0CAB261451BD0DFF890C06145E1
:102AF00017D0DFF88CC0614513D0DFF888C061457E
:102B00000FD0DFF884C061450BD0DFF880C061458D
:102B100007D0DFF87CC0614503D0DFF878C061459D
:102B200011D1A2F108011C4AA2FB012109091B4A8B
:102B300002EB810202661A4A426601F01F0103FAA3
:102B400001F181667047DFF85CC0103AACFB02C24D
:102B50001209DFF854C06144A82900D8083213498B
:102B600001EB820101661249416602F01F0103FA7E
:102B700001F1816670470000085402581C54025845
:102B80003054025844540258585402586C54025855
:102B90008054025894540258CDCCCCCC00580258E2
:102BA00080580258ABAAAAAAF0FBFDBF0008024059
:102BB0008008024001794A1E072A28D8144B016870
:102BC000994214D0134B994211D0134B99420ED015
:102BD000124B99420BD0124B994208D0114B99429B
:102BE00005D0114B994202D0104B994206D11049A1
:102BF00001EB8201C1660F49016705E00E4901EB57
:102C00008201C1660D49016701219140416770470A
:102C1000085402581C540258305402584454025864
:102C2000585402586C540258805402589454025814
:102C30000059025840590258000902404009024018
:102C4000014600208B698A6A002B0FD0B3F5005F24
:102C50001DD08AB3012A30D0022A2ED0032A04D1F3
:102C6000C96A11F0807F00D0012070471AB1012A93
:102C700007D0022AF9D1C96A11F0807FF5D001206E
:102C80007047C96AB1F1C07FFAD1012070475AB1CB
:102C9000012A0BD0022A07D0032AF7D1C96AB1F161
:102CA000C07FF3D10120704701207047C96A11F03D
:102CB000807FFAD001207047FFE7012070470000B5
:102CC0002DE9F04F846D794ED0F800C0784FDFF8D1
:102CD000E481B445DFF8E091DFF8E0A1DFF8E0B18E
:102CE000784D4FD0BC454DD0C4454BD0CC4549D094
:102CF000D44547D0DC4545D0DFF8CCE1F44541D0A0
:102D0000AC453FD0DFF8C4E1F4453BD0DFF8C0E18B
:102D1000F44537D0DFF8BCE1F44533D0DFF8B8E153
:102D2000F4452FD0DFF8B4E1F4452BD0DFF8B0E163
:102D3000F44527D0DFF8ACE1F44523D0DFF8A8E173
:102D4000F4451FD0DFF8A4E1F4451BD0DFF8A0E183
:102D5000F44517D0DFF89CE1F44513D0DFF898E193
:102D6000F4450FD0DFF894E1F4450BD0DFF890E1A3
:102D7000F44507D0DFF88CE1F44503D0DFF888E1B3
:102D8000F44510D1D0F864E0D0F868C0CEF804C0A3
:102D9000D0F86CC0BCF1000F05D0D0F870E0D0F8CE
:102DA00074C0CEF804C0D0F800C0B44526D0BC45ED
:102DB00024D0C44522D0CC4520D0D4451ED0DC45FB
:102DC0001CD0414EB44519D0AC4517D03F4DAC4551
:102DD00014D03F4DAC4511D03E4DAC450ED03E4DCC
:102DE000AC450BD03D4DAC4508D03D4DAC4505D074
:102DF0003C4DAC4502D03C4DAC4523D190F85CC075
:102E00003F250CF01F0C05FA0CFCC4F808C0D0F8E4
:102E100000C0DCF8004024F48024CCF80040D0F856
:102E200000C0CCF804308368402B05D0036899605B
:102E30000068C260BDE8F08F03689A600068C160F6
:102E4000BDE8F08F294DAC4514D0294DAC4511D0CB
:102E5000284DAC450ED0284DAC450BD0274DAC4588
:102E600008D0274DAC4505D0264DAC4502D0264DA7
:102E7000AC45E5D190F85CC001250CF01F0C05FABB
:102E80000CFCC4F804C0D0F800C0CCF8043083684F
:102E9000402B05D0036899600068C260BDE8F08FE0
:102EA00003689A600068C160BDE8F08F10000240BE
:102EB00028000240400002405800024070000240DA
:102EC00088000240B8000240A00002401004024006
:102ED00028040240400402405804024070040240AA
:102EE00088040240A0040240B8040240085402587A
:102EF0001C54025830540258445402585854025832
:102F00006C54025880540258945402584FF4806212
:102F1000428082800323C280002102818372C372B7
:102F200002800922C18101824182A0F8E81080F864
:102F3000321080F8331080F8381080F8351080F89F
:102F4000361080F83A1080F83B1080F837109FED6B
:102F5000070A80F8341080F8391080ED3C0A80EDC3
:102F60003D0A80F8FC2080F8FE1070470000000049
:102F700070474FF4806101804180002281800323EB
:102F8000C180027243728372C27270472DE9F043AE
:102F90000A780F2A71D1837A4FF480624373B1F8B3
:102FA0000130C3F30A0303808C78A3F2FD33CD789C
:102FB000072B4FEAD40343EA4513C3F30A044480C2
:102FC000CB780D794E794FEA931343EA850343EAB0
:102FD0008623C3F30A09A0F804904B798D794FEA50
:102FE000530343EAC513C3F30A03C380CD7991F8B1
:102FF00009C00F7A8E7A4FEAD515C97A4FEA9C0C30
:1030000045EA47054FEA56184CEA861748EAC101D7
:10301000EEB2FDB2C9B200D20280A4F2FD34072C98
:1030200000D24280A9F2FD34072C00D28280A3F2A4
:10303000FD33072B00D2C2804FF003034FF0020490
:103040004FF0010225B19E2D04D0612D04D004E083
:10305000437202E0447200E0427221B19E2904D022
:10306000612904D004E0837202E0847200E082727D
:103070009E2E04D0612E00D10272BDE8F0830021A3
:103080000172FAE70A460146034800B5FFF77EFFE2
:1030900002490020088000BDC40600246800002406
:1030A00072B6FEE7014801F06BBD0000D4160024A3
:1030B000014801F065BD000074170024416B0268EF
:1030C000D2F884306FF38F0343EA8103C2F884306F
:1030D0000268D2F88430B0F838C023F47F0343EAA2
:1030E0000C43C2F88430826B11440268D2F88830F5
:1030F0006FF38F0343EA8103C2F888300268D2F885
:103100008830B0F83CC023F4FE0343EA0C43C2F815
:103110008830C26B01EB42010268D2F8A0306FF335
:103120008F0343EA8103C2F8A0300268D2F8A030CE
:10313000B0F840C023F4FE0343EA0C43C2F8A030C9
:10314000436C026C02FB03110268D2F8B0306FF3DB
:103150008F0343EA8103C2F8B0300268D2F8B0307E
:10316000B0F848C023F4FE0343EA0C43C2F8B03081
:10317000C36C826C02FB03110268D2F8AC306FF3AF
:103180008F0343EA8103C2F8AC30436D026D02FB4A
:1031900003110268D2F8F0306FF38F0343EA810322
:1031A000C2F8F0300268D2F8F030B0F858C023F41A
:1031B0007C1343EA0C43C2F8F030826D01EB42020B
:1031C0000168D1F8C0306FF38F0343EA8202C1F87F
:1031D000C0200168D1F8C020B0F85C3022F47C1225
:1031E00042EA0342C1F8C0200168D1F8C02090F83B
:1031F000603022F07C5242EA0362C1F8C020416B89
:10320000294A02EB8101C166826B01EB82020267EF
:10321000C36B02EBC3024267D0F844C0036C03FBEC
:103220000CF302EB83028267D0F84CC0836C03FB83
:103230000CF302EB8302C267D0F854C0036D03FBAA
:103240000CF302EB8302C0F88020836D02EBC30312
:10325000C0F88430D0F85CC0826E0CFB02FC03EB3B
:103260008C03C0F88830D0F860C00CFB02F203EB8E
:103270008202C0F890200D4B9A420AD9D0F89C10D7
:1032800041F02001C0F89C10032180F89810012023
:1032900070478A4206D900220A60091DD0F8903092
:1032A0008B42F9D80020704700AC0040FCD30040AE
:1032B00070B4D1F808C00C694D6844EA0C0C0C6875
:1032C000002D40D044F080444CEA040C8D69CC6958
:1032D00091F820602C434D6945EA06652C438D89A1
:1032E00044EA0544D0F88450806E00FB03F005EBFF
:1032F0008000C0F800C0001D0460031D0020134CB6
:10330000D1F80CC014F80CC0BCF1000F19D902EBB5
:10331000000C155C9CF8036045EA06659CF80260A9
:103320009CF801C0360446EA0C2C45EA0C0CC3F8A4
:1033300000C01B1D001DD1F80CC014F80CC0844542
:10334000E5D870BC70474CEA844CBFE7D8C400088D
:1033500010B558B1084C491E0BD310F8013B53402F
:10336000DBB234F8133083EA1222F4E74FF6FF7031
:1033700010BD104610BD0000D6C2000810B5054CA7
:1033800004E000BF10F8013B5340E25C491EF9D253
:10339000104610BDD6C100082DE9F84F044602F0D2
:1033A000B1F800905CB194F8350002280AD0802072
:1033B0006065002084F834000120BDE8F88F01200A
:1033C000BDE8F88FB6492068B64EB74F8842DFF89F
:1033D000DC82DFF8DC92DFF8DCA2DFF8DCB226D09A
:1033E000B04224D0B84222D0404520D048451ED01B
:1033F00050451CD058451AD0B04A904217D0B04A18
:10340000904214D0AF4A904211D0AF4A90420ED0B1
:10341000AE4A90420BD0AE4A904208D0AD4A90429C
:1034200005D0AD4A904202D0AC4A90420AD102681F
:1034300022F01E0202602068426922F0800242618E
:10344000256804E0026822F00E0202602568206808
:1034500088423ED0B0423CD0B8423AD0404538D005
:10346000484536D0504534D0584532D0934A9042E2
:103470002FD0934A90422CD0924A904229D0924A1F
:10348000904226D0914A904223D0914A904220D037
:10349000904A90421DD0904A90421AD08F4A904252
:1034A00017D08F4A904214D08E4A904211D08E4A43
:1034B00090420ED08D4A90420BD08D4A904208D057
:1034C0008C4A904205D08C4A904202D08B4A90425E
:1034D00004D1206E026822F4807202607049206874
:1034E000884226D0B04224D0B84222D0404520D0D5
:1034F00048451ED050451CD058451AD06F498842C7
:1035000017D06F49884214D06E49884211D06E4955
:1035100088420ED06D4988420BD06D49884208D050
:103520006C49884205D06C49884202D06B49884278
:1035300004D1016821F00101016003E0016821F07C
:1035400001010160286810F0010F14D001F0DAFFCA
:103550000099401A05280AD920206065032084F8C4
:103560003500002084F834000120BDE8F88F286879
:1035700010F0010FEAD14A4A01212068904226D07A
:10358000B04224D0B84222D0404520D048451ED079
:1035900050451CD058451AD0484B984217D0484B3C
:1035A000984214D0474B984211D0474B98420ED0C6
:1035B000464B98420BD0464B984208D0454B984218
:1035C00005D0454B984202D0444B98420AD1A06D99
:1035D0004FF03F0C94F85C3003F01F030CFA03F338
:1035E000836007E0A06D94F85C3003F01F0301FADC
:1035F00003F34360206890423ED0B0423CD0B842D2
:103600003AD0404538D0484536D0504534D058455A
:1036100032D02A4A90422FD0294A90422CD0294AAF
:10362000904229D0284A904226D0284A904223D05E
:10363000274A904220D0274A90421DD0264A9042E5
:103640001AD0264A904217D0254A904214D0254AD3
:10365000904211D0244A90420ED0244A90420BD07E
:10366000234A904208D0234A904205D0224A9042F1
:1036700002D0224A90420BD1626EA06E5060E06E82
:1036800030B1026822F480720260226F606F506075
:1036900084F83510002084F83400BDE8F88F00006D
:1036A0001000024028000240400002405800024042
:1036B0007000024088000240A0000240B8000240B2
:1036C0001004024028040240400402405804024012
:1036D0007004024088040240A0040240B804024082
:1036E000085402581C54025830540258445402588A
:1036F000585402586C54025880540258945402583A
:103700002DE9F05F002808D090F83510022907D085
:10371000802141650120BDE8F09F0120BDE8F09FB8
:10372000DFF81CE20168874BDFF81CC27145874C4B
:10373000874D884E884FDFF82482DFF82492DFF827
:1037400024A2DFF824B2894A25D0994223D06145CA
:1037500021D0A1421FD0A9421DD0B1421BD0B942F5
:1037600019D0DFF80CE2714515D0DFF808E2714599
:1037700011D0DFF804E271450DD041450BD0494529
:1037800009D0DFF8F8E1714505D0514503D059451E
:1037900001D0914232D14FF0040E80F835E06848F4
:1037A000814221D099421FD061451DD0A1421BD03A
:1037B000A94219D0B14217D0B94215D06C48814204
:1037C00012D06C4881420FD06B4881420CD04145E9
:1037D0000AD0494508D06948814205D0514503D0F7
:1037E000594501D0914204D1086820F001000860D9
:1037F000A3E0086820F0010008609EE0D1F800E036
:103800002EF00E0EC1F800E0DFF834E101687145DA
:1038100025D0994223D0614521D0A1421FD0A94291
:103820001DD0B1421BD0B94219D0DFF844E1714537
:1038300015D0DFF840E1714511D0DFF83CE171456A
:103840000DD041450BD0494509D0DFF830E1714535
:1038500005D0514503D0594501D0914206D1D1F848
:1038600000E02EF0010EC1F800E005E0D1F800E024
:103870002EF0010EC1F800E0DFF8C4E001687145E8
:1038800039D0994237D0614535D0A14233D0A942D1
:1038900031D0B1422FD0B9422DD0354B99422AD0E8
:1038A000344B994227D0344B994224D0414522D001
:1038B000494520D0314B99421DD051451BD0594527
:1038C00019D0914217D02E4A914214D02D4A9142DC
:1038D00011D02D4A91420ED02C4A91420BD02C4A45
:1038E000914208D02B4A914205D02B4A914202D0F6
:1038F0002A4A914218D1016E0A6822F480720A6045
:10390000816D90F85C2002F01F0301229A404A600A
:10391000426E816E5160C16E31B10A6822F48072CC
:103920000A60026F416F5160012180F8351000215B
:1039300080F83410016D01B188470020BDE8F09F88
:10394000100002402800024040000240580002409F
:103950007000024088000240A00002404004024083
:103960005804024088040240A0040240B804024007
:10397000B8000240100402402804024070040240D3
:10398000085402581C5402583054025844540258E7
:10399000585402586C540258805402589454025897
:1039A000406D70472DE9F04F83B00446002002902F
:1039B0004FF41651FD480068B0FBF1F00190A56D81
:1039C0002E682968FA4F2068DFF8E8A3DFF8E8B32B
:1039D000B842DFF8E883DFF8E8932DD052469042F2
:1039E0002AD05A46904227D0404525D0484523D07A
:1039F000F44A904220D0F44A90421DD0F34A9042BB
:103A00001AD0F34A904217D0DFF8C8C3604513D0EC
:103A1000F14A904210D0DFF8C4E370450CD0F04A70
:103A2000904209D0EF4A904206D0EF4A904203D02C
:103A3000EE4B984240F0408294F85C10082201F06E
:103A40001F0102FA01F1314241D0B84228D050455D
:103A500026D0584524D0404522D0484520D0D949C9
:103A600088421DD0D84988421AD0D849884217D0F8
:103A7000D749884214D0D749884211D0D6498842C4
:103A80000ED0D64988420BD0D549884208D0D549B6
:103A9000884205D0D449884202D0D449884203D113
:103AA000016801F0040102E0016801F0080171B150
:103AB000016821F00401016094F85C0000F01F002F
:103AC00002FA00F0A860606D40F00100606594F8B3
:103AD0005C0000F01F01012000FA01F1314234D0F6
:103AE0002068B84228D0504526D0584524D04045BB
:103AF00022D0484520D0B34A90421DD0B24A9042CD
:103B00001AD0B24A904217D0B14A904214D0B14A6A
:103B1000904211D0B04A90420ED0B04A90420BD0A1
:103B2000AF4A904208D0AF4A904205D0AE4A904288
:103B300002D0AE4A90427DD1406910F0800F04D08F
:103B4000A960606D40F00200606594F85C0000F0D0
:103B50001F01042000FA01F1314234D02068B8423C
:103B600028D0504526D0584524D0404522D048453D
:103B700020D0944A90421DD0934A90421AD0934A42
:103B8000904217D0924A904214D0924A904211D05B
:103B9000914A90420ED0914A90420BD0904A904266
:103BA00008D0904A904205D08F4A904202D08F4A66
:103BB000904245D1006810F0020F04D0A960606DFA
:103BC00040F00400606594F85C0000F01F011020D4
:103BD00000FA01F1314259D02068B84228D050454E
:103BE00026D0584524D0404522D0484520D0754A9B
:103BF00090421DD0744A90421AD0744A904217D015
:103C0000734A904214D0734A904211D0724A904243
:103C10000ED0724A90420BD0714A904208D0714A3D
:103C2000904205D0704A904202D0704A904209D129
:103C3000006800E002E000F0080006E0006884E7A9
:103C40000068C0E7006800F00400F8B1A9602068CF
:103C5000016811F4802F0DD0006810F4002F04D0FB
:103C6000A16C99B12046884710E0216C71B12046C3
:103C700088470BE0016811F4807F03D1016821F0CF
:103C800008010160216C09B12046884794F85C0066
:103C900000F01F01202000FA01F131426FD02068AE
:103CA000B84228D0504526D0584524D0404522D08F
:103CB000484520D0434A90421DD0434A90421AD0F2
:103CC000424A904217D0424A904214D0414A904210
:103CD00011D0414A90420ED0404A90420BD0404A07
:103CE000904208D03F4A904205D03F4A904202D0CD
:103CF0003E4A904203D1006800F0100002E00068E4
:103D000000F00200D8B3A96094F8350004280DD063
:103D10002068016811F4802F37D0006810F4002F5C
:103D20002ED0E16B59B32046884764E020680168D3
:103D300021F0160101602068416921F08001416194
:103D4000206C08B9A06C20B12068016821F008013E
:103D5000016094F85C003F2100F01F0001FA00F0C0
:103D6000A860012084F83500002084F83400216D1B
:103D700000297BD003B02046BDE8F04F084737E06C
:103D8000616CA9B32046884735E0016811F4807F53
:103D900009D1016821F010010160012084F835008B
:103DA000002084F83400E16B11B322E0900100247C
:103DB000100002402800024040000240580002402B
:103DC0007000024088000240A0000240B80002409B
:103DD00010040240280402404004024058040240FB
:103DE0007004024088040240A0040240B80402406B
:103DF00001E020468847606D002837D0606D10F0E4
:103E0000010F51D0042084F835002068B84228D032
:103E1000504526D0584524D0404522D0484520D092
:103E2000AB4988421DD0AB4988421AD0AA49884282
:103E300017D0AA49884214D0A949884211D0A9496B
:103E400088420ED0A84988420BD0A849884208D0A1
:103E5000A749884205D0A749884202D0A64988428E
:103E600005D1016821F00101016004E096E00168DC
:103E700021F00101016021680298019A401C029022
:103E8000904203D8086810F0010FF5D1086810F0CF
:103E9000010F03D0032084F8350002E0012084F8EC
:103EA0003500002084F83400E16C002976D003B09E
:103EB0002046BDE8F04F0847904B984214D0904BF5
:103EC000984211D08F4B98420ED08F4B98420BD016
:103ED0008E4B984208D08E4B984205D08D4B98421D
:103EE00002D08D4B984259D103684FF0040A94F8E0
:103EF0005C6006F01F060AFA06FA1AEA010F5AD0A9
:103F000013F0040F57D0C5F804A013F4004F12D0DB
:103F100013F4803F07D0216C00293FD003B0204626
:103F2000BDE8F04F0847A16C002937D003B0204608
:103F3000BDE8F04F084713F0200F34D12068B84295
:103F400027D07649884224D07549884221D04045FF
:103F50001FD048451DD05E4988421AD05D4988422D
:103F600017D05D49884214D05C49884211D0604521
:103F70000FD05C4988420CD070450AD05B4988421A
:103F800007D05B49884204D0904202D05A49884207
:103F900005D1016821F00801016004E083E00168B7
:103FA00021F004010160216C00297CD003B020467F
:103FB000BDE8F04F08474FF0020A0AFA06FA1AEA7B
:103FC000010F5FD013F0020F5CD0C5F804A013F40A
:103FD000004F12D013F4803F07D0E16B002974D05A
:103FE00003B02046BDE8F04F0847616C00296CD053
:103FF00003B02046BDE8F04F084713F0200F39D139
:104000002068B84227D04549884224D04449884294
:1040100021D040451FD048451DD02D4988421AD097
:104020002C49884217D02C49884214D02B49884209
:1040300011D060450FD02B4988420CD070450AD072
:104040002A49884207D02A49884204D0904202D0A7
:104050002949884204D1016821F01401016003E07C
:10406000016821F00A010160012084F83500002078
:1040700084F83400E16B002927D003B02046BDE866
:10408000F04F08470822B2400A421ED013F0080F32
:104090001BD0016821F00E01016094F85C0000F073
:1040A0001F01012000E010E000FA01F16960606585
:1040B00084F83500002084F83400E16C002904D035
:1040C00003B02046BDE8F04F084703B0BDE8F08FCD
:1040D00088000240A0000240B800024010040240E4
:1040E0002804024040040240580402407004024088
:1040F00088040240A0040240B80402400854025858
:104100001C5402583054025844540258585402580F
:104110006C540258805402589454025828000240AB
:10412000400002402DE9F05F044601F0EBF906463D
:10413000002C6AD0DC4F022220680025DFF86C8357
:10414000DFF86C93B842DFF86CA3DFF86CB328D0CB
:10415000DA49884225D0404523D0484521D05045F2
:104160001FD058451DD0D64988421AD0D54988421B
:1041700017D0D549884214D0D449884211D0D449A7
:1041800088420ED0D34988420BD0D349884208D008
:10419000D249884205D0D249884202D0D1498842CA
:1041A0007ED184F8352084F83450B84228D0C349F1
:1041B000884225D0404523D0484521D050451FD0C6
:1041C00058451DD0BE4988421AD0BE49884217D0F2
:1041D000BD49884214D0BD49884211D0BC498842AB
:1041E0000ED0BC4988420BD0BB49884208D0BB499D
:1041F000884205D0BA49884202D0BA49884207D1DC
:10420000016821F00101016006E00120BDE8F09F96
:10421000016821F0010101602068006810F0010FC1
:1042200011D001F06FF9801B052807D920206065A7
:10423000032084F835000120BDE8F09F2068006865
:1042400010F0010FEDD122681068A7490840E3681B
:10425000A168D4F814C01943236943EA0C03194335
:10426000A3691943E3691943236A19430843616A3F
:10427000042903D1236BE16A194308439B49096868
:104280006FF30F01B1F1005F11D36168A1F1290350
:10429000052B0AD9163B032B07D9083B012B00E05D
:1042A0002CE002D94F39032901D840F48010106066
:1042B0002068406920F00701606A40EA010604288E
:1042C0000ED1A06A0643E06A50B12046FEF7B8FC62
:1042D00030B140206065012084F83500BDE8F09FD2
:1042E000206846612046FEF787FB94F85C103F2269
:1042F00001F01F0102FA01F181605BE07C49884214
:1043000014D07C4B984211D07B4B98420ED07B4B03
:1043100098420BD07A4B984208D07A4B984205D0FD
:10432000794B984202D0794B98427DD188420CD08B
:104330007049884209D07049884206D06F49884246
:1043400003D06F49884200D06E4984F8352084F844
:10435000345002686FF31012A168402979D0802987
:1043600079D00021E36841EAD301236941EAD3010E
:10437000636941EAD301A36941EAD301E36941EAF0
:10438000D301236A41EA1311114301606049206897
:1043900001446048A0FB011000098000E065204650
:1043A000FEF72AFB94F85C10012201F01F0102FACB
:1043B00001F141602068B84242D0404988423FD074
:1043C00040453DD048453BD0504539D0584537D081
:1043D0003B49884234D03B49884231D03A498842EF
:1043E0002ED03A4988422BD03949884228D03949C1
:1043F000884225D03849884222D0384988421FD087
:10440000374988421CD03749884219D038498842F8
:1044100016D03849884213D03749884210D03749DE
:1044200088420DD0364900E018E0884208D035496E
:10443000884205D03449884202D0344988422CD180
:104440002046FEF74BFBA06880280FD00FE000E06D
:1044500001E0102186E74FF4804183E7402060654A
:10446000032084F835000120BDE8F09F6560216ECF
:1044700020790860616EA06E48606068401E072861
:1044800008D82046FEF796FBE06E0560216F606F4E
:10449000486002E0E566256765676565012084F888
:1044A00035000020BDE8F09F1000024040000240AF
:1044B000580002407000024088000240280002407C
:1044C000A0000240B800024010040240280402404C
:1044D0004004024058040240700402408804024034
:1044E000A0040240B80402403F8010FE0010005CAF
:1044F000085402581C54025830540258445402586C
:10450000585402586C54025880540258945402581B
:10451000F8ABFDA7CDCCCCCC2DE9F84F044600205C
:104520000090002C16D094F83400012815D00120FA
:1045300084F8340094F835C00020BCF1010F0FD08E
:104540004FF40061616584F8340001200090009808
:10455000BDE8F88F0120BDE8F88F0220BDE8F88F94
:104560004FF0020C84F835C06065DFF82CC220687B
:104570008A4D8B4E60458B4FDFF82C82DFF82C92F2
:10458000DFF82CA2DFF82CB22DD0A8422BD0B042FD
:1045900029D0B84227D0404525D0484523D05045A2
:1045A00021D058451FD0DFF810C260451BD0DFF87E
:1045B0000CC2604517D0DFF808C2604513D0DFF8A1
:1045C00004C260450FD0DFF800C260450BD0DFF8B1
:1045D000FCC1604507D0DFF8F8C1604503D0DFF8C3
:1045E000F4C1604506D1D0F800C02CF0010CC0F831
:1045F00000C005E0D0F800C02CF0010CC0F800C0ED
:104600002046FEF75DFB64492068884225D0A84219
:1046100023D0B04221D0B8421FD040451DD04845DC
:104620001BD0504519D0584517D0634A904214D03A
:10463000624A904211D0624A90420ED0614A904242
:104640000BD0614A904208D0604A904205D0604A3F
:10465000904202D05F4A90420DD1026822F01E02C1
:1046600042F016020260206C90B12068026842F0AD
:10467000080202600CE0026822F00E0242F00A0218
:104680000260206C20B12068026842F004020260DF
:10469000206888423DD0A8423BD0B04239D0B842D1
:1046A00037D0404535D0484533D0504531D05845B6
:1046B0002FD0414A90422CD0404A904229D0404AC3
:1046C000904226D03F4A904223D03F4A904220D089
:1046D0003E4A90421DD03E4A90421AD03D4A9042F6
:1046E00017D03D4A904214D03C4A904211D03C4AE7
:1046F00090420ED03B4A90420BD03B4A904208D0A9
:104700003A4A904205D03A4A904202D0394A904201
:104710000ED1206E026812F4803F03D0026842F48A
:1047200080720260E06E18B1026842F4807202602A
:104730002068884225D0A84223D0B04221D0B84278
:104740001FD040451DD048451BD0504519D0584575
:1047500017D01949884214D01849884211D01849F5
:1047600088420ED0174988420BD01749884208D09A
:104770001649884205D01649884202D01549884218
:1047800004D1016841F001010160E0E6016841F0F7
:1047900001010160DBE60000100002402800024039
:1047A0004000024058000240700002408800024071
:1047B000A0000240B8000240100402402804024059
:1047C0004004024058040240700402408804024041
:1047D000A0040240B8040240085402581C54025875
:1047E0003054025844540258585402586C540258D9
:1047F000805402589454025890F89830012B09D0F4
:10480000022B07D0D0F89C1041F00201C0F89C1098
:10481000012070470368D3F858C01CEA010F06D185
:10482000D3F85CC04CF0010CC3F85CC008E0D3F8CE
:1048300058C031EA0C0C26D04FF0030CC3F85CC012
:1048400011F4007F06D00368D3F8E0C04CEA020CF4
:10485000C3F8E0C011F4806F06D00368D3F8E4C059
:104860004CEA0202C3F8E4200068426D21F44013D0
:1048700023F040431A4342650648026842EA9171B8
:10488000016000207047D3F85CC04CF0020CC3F804
:104890005CC0D5E714A8004070B5044694F89800B1
:1048A000022807D0D4F89C0040F00800C4F89C000F
:1048B000012070BD2068D0F8C03013F07C5F0CD0B0
:1048C000D0F8C43013F4001F0FD0D4F89C0040F48B
:1048D0000070C4F89C00012070BDD4F89C0040F02A
:1048E0002000C4F89C00012070BDD0F8C400C0F3C3
:1048F000044520462B46FEF7DBFC21680120A8403A
:10490000C1F8D000C4F89400002070BD704790F842
:104910009820012A09D0022A07D0D0F89C1041F033
:104920000201C0F89C1001207047CA680B6893B15F
:10493000072A0B6943EA42732ED091F808C04A69EE
:1049400042EA8C724968006F00EBC100036042606C
:104950004FF000007047072A12D091F808C04FEAC4
:10496000C2624B6943EA8C73B1F810C042EA0C4250
:1049700043EA02024968C06E00EB81000260E7E78B
:104980000B8A4FF0605C8A6942EA0342CB694CEAC9
:10499000032342EA0302EDE78A69D3E770477047D1
:1049A000F0B44FF0000C90F89840022C08D0D0F8EA
:1049B0009C1041F00801C0F89C10F0BC0120704729
:1049C00040290DD0412940D0046D8C4273D8D0F8D5
:1049D0009C1041F02001C0F89C10F0BC01207047F1
:1049E0000468D4F8A05015F4FE0F1CD0D4F8A450DD
:1049F00015F07F0F20D0D4F8A45015F0807F06D09A
:104A0000D4F8A05015F0004F01D54FF0010CD4F8A8
:104A1000A440C4F30524A444456C446F05FB0CF585
:104A200004EB85044DE0D0F89C1041F02001C0F863
:104A30009C10F0BC01207047D0F89C1041F48071AC
:104A4000C0F89C10F0BC012070470468D4F8B05046
:104A500015F4FE0F1CD0D4F8B45015F07F0F20D001
:104A6000D4F8B45015F0807F06D0D4F8B05015F0CB
:104A7000004F01D54FF0010CD4F8B440C4F3052425
:104A8000A444C56C846F05FB0CF504EB850418E0A9
:104A9000D0F89C1041F02001C0F89C10F0BC01201F
:104AA0007047D0F89C1041F48071C0F89C10F0BCA5
:104AB00001207047FFE7456DC46F05FB01F504EB6E
:104AC0008504256805F080455560E5B3256825F027
:104AD00060451560256805F000559560256805F06E
:104AE00000451561241D2588ADB2D5612568C5F343
:104AF0000347D760256805F480155561256805F4DE
:104B0000001595612568C5F3066515622568ED0FEA
:104B10005562251D0024184EF75D002F06D92F5D24
:104B20001F55641CD768F75DA742F8D8402910D0FC
:104B3000412912D00122202913D2006802FA01F182
:104B4000C0F8981014E0FFE72568C5F38A451560A2
:104B5000C0E70068C0F8A8C00AE00068C0F8B8C0A4
:104B600006E0006801F01F0102FA01F1C0F89C1094
:104B70000020F0BC70470000D8C400087047000057
:104B80002DE9F04F83B00446BC4F38688007391DCB
:104B9000096800EA81792068016D01F47041426D75
:104BA00002EA010A016D01F00F01426D02EA010BF8
:104BB000016D01F0F001426D11400291016D01F0B3
:104BC0007151426D02EA0108016D01F06071426DA0
:104BD00011400191456D066D15F4807F09D016F4E2
:104BE000807F06D0B9150165002038602046FFF7A8
:104BF000C5FF15F4806F10D016F4806F0DD02068BB
:104C0000D0F8DC10D0F8E42011404FF48062026547
:104C100000203860204600F063FBB9F1000F0CD093
:104C2000216829F4401020F0404008654FEA99704F
:104C3000386049462046FFF769FEBAF1000F0CD0F4
:104C400021682AF4401020F0404008654FEA9A702D
:104C500038605146204600F045FBBBF1000F0CD0F8
:104C600021682BF4401020F0404008654FEA9B700B
:104C700038605946204600F0E5FA029868B121688C
:104C8000029820F4401020F0404008650298800F00
:104C900038600299204600F003FB15F4006F0BD03A
:104CA00016F4006F08D021684FF4006008650020FA
:104CB0003860204600F017FB15F4007F10D016F482
:104CC000007F0DD02068D0F8D810D0F8E020114037
:104CD0004FF40072026500203860204600F001FBAE
:104CE00015F4002F0BD016F4002F08D021684FF4D4
:104CF0000020086500203860204600F0A1FA15F475
:104D0000803F0BD016F4803F08D021684FF48030EC
:104D1000086500203860204600F0E1FA15F4802F85
:104D20000BD016F4802F08D021684FF4802008653E
:104D300000203860204600F0D1FA15F4003F0ED074
:104D400016F4003F0BD021684FF4003008650020B6
:104D50003860D4F89C0040F08000C4F89C000198B2
:104D600068B12168019820F4401020F040400865A7
:104D70000198800F386001992046FFF710FEB8F1C6
:104D8000000F0ED0216828F4401020F04040086544
:104D90004FEA98703860D4F89C0040EA0800C4F8E4
:104DA0009C002068A0F18041B1F520415CD1606891
:104DB000816811F0030F57D0016A01F00F01426AB8
:104DC0001140026A02F03002436A03EA0207026AF3
:104DD00002F4C072436A03EA0208026A02F4FC4267
:104DE000436A03EA0205026A02F4F022436A03EA14
:104DF0000206D0F82490D0F820A019B10162204614
:104E000000F069FA2FB1606807623946204600F069
:104E100064FA19F0400F0DD01AF0400F0AD0606804
:104E2000C16B090CC26B02F03F02402303622046B3
:104E300000F052FAB8F1000F06D06068C0F8208088
:104E40004146204600F046FA35B160680562D4F864
:104E50009C002843C4F89C0036B160680662D4F810
:104E60009C003043C4F89C00D4F89C00002802D079
:104E70002046FFF793FD03B0BDE8F08F10A8004077
:104E80002DE9F04194B004464C22A14901A8FBF75A
:104E900088FC5CB19F4F2068B84202D100F5807059
:104EA000606094F89800002620B108E014B001205A
:104EB000BDE8F08184F89960204600F02DF9206863
:104EC000816921F01001816100F01CFB054620681A
:104ED00080694FF0030810F0080F15D000F012FBA6
:104EE000401B0A280BD9D4F89C0040F00100C4F8FC
:104EF0009C0084F8988014B00120BDE8F0812068FF
:104F0000806910F0080FE9D12068816941F0010142
:104F1000816100F0F7FA05462068806910F0010F02
:104F200015D100F0EFFA401B0A280BD9D4F89C00E9
:104F300040F00100C4F89C0084F8988014B001206F
:104F4000BDE8F0812068806910F0010FE9D0206889
:104F5000816941F002018161207C012839D02068FB
:104F6000816941F040018161607C012837D020686F
:104F7000816921F480418161A07C012835D02068BD
:104F8000816941F48051816120688169A26821F4BE
:104F90004071114381612068816921F0A401816120
:104FA0002068016921F010010161E068012822D028
:104FB00030B302282BD02068816941F080018161E3
:104FC0002068016941F010010161E068032818D0F0
:104FD00022E02068816921F040018161C4E72068F6
:104FE000816941F480418161C6E72068816921F4CB
:104FF00080518161C8E72068816941F004018161C5
:105000000AE02068816941F02001816104E02068A4
:10501000816941F020018161207EE169401E491EC5
:10502000400640EA0120216A491E0843A18A491E20
:1050300040EA01402168C861A068B0F5407F0FD107
:10504000E16AA06A491E401E40EA0120216B491E08
:1050500040EA0110A18C491E40EA01402168C86065
:10506000206E30B12068D0F8C010626E1143C0F8D5
:10507000C010216EE06DC84201A90AD02068D0F8A6
:10508000C820A36E22F0070251F823301A43C0F85B
:10509000C820206C50B12068D0F8BC20636C22F08E
:1050A000070251F823301A43C0F8BC20A06C58B155
:1050B0002068D0F8BC20E36C22F0700251F8233055
:1050C00042EA0312C0F8BC20206D58B12068D0F825
:1050D000BC20636D22F4E06251F8231042EA012102
:1050E000C0F8BC102068B84204D16068816821F023
:1050F00003018160C4F89460C4F89C60012084F8C6
:1051000098002046FDF7DAFF14B0BDE8F0810000FA
:10511000E8C4000800A000402DE9F043B7B0804685
:10512000142130A8FBF76FFBC0216846FBF76BFB2F
:105130003E4D0026D8F800004FF080513C4A0C3D0F
:10514000394F4FF00208394C90424FF0090931D1E4
:1051500000201C914A13CDE90020684600F012FEA1
:1051600008B1FDF79DFF3868401C3860012807D161
:10517000206840F480702060206800F480703590D2
:10518000286840F00100286028684FF4C05230922F
:1051900030A900F00100CDE931863396CDE9349095
:1051A000244800F0A1F800220221132000F090FB17
:1051B000132033E0204A904232D100201C914FF45A
:1051C0000042CDE90020684600F0DCFD08B1FDF7A3
:1051D00067FF3868401C3860012807D1206840F418
:1051E00080702060206800F480703590286840F05E
:1051F0000200286028686022309230A900F0020086
:10520000CDE931863396CDE934900C4800F06CF846
:1052100000220121142000F05BFB142000F04AFB67
:1052200037B0BDE8F083000080010024EC44025850
:1052300000A000400000025800A4004000040258F2
:105240007047000030B51349044600688DB00AADC0
:1052500088420BD140212B466A462046FFF7A0FB2F
:10526000012803D00C48C168684688470B4920686C
:1052700088420CD140212B466A462046FFF790FB1E
:10528000012804D004481030C168684688470DB032
:1052900030BD000000A00040F000002400A4004049
:1052A000704790F89810012907D0D0F89C1041F071
:1052B0000401C0F89C1001207047022180F898106A
:1052C00001688A6922F001028A610021C0F89C10FD
:1052D00000207047704770477047704770477047AD
:1052E00070477047704770472DE9F84F0022DFF88C
:1052F000E4C10B68002B7DD0DFF8DCB14FF0B04A81
:105300004FF0010E4FF003084FF00F090B680EFA33
:1053100002F52B40002B6ED00C7904F00304012C15
:1053200001D0022C11D18668540008FA04F7BE435C
:10533000CF6807FA04F4344384604468AC430D79C1
:10534000C5F3001595402C4344604C6838EA0404CA
:1053500009D0C568540008FA04F6B5438E6806FA09
:1053600004F42C43C4600C7904F00304022C0DD126
:10537000D40800EB84052E6A5407E40E09FA04F7FA
:10538000BE430F6907FA04F434432C6205685400E5
:1053900008FA04F6B5430E7906F0030606FA04F49B
:1053A0002C4304604C6814F4403F78D0DBF8004094
:1053B00044F00204CBF80040DBF8004004F00204A3
:1053C000009422F0030404F1B046D6F8084495078F
:1053D0002D0F09FA05F724EA0707A0F1B044B4F548
:1053E000003463D0A0F1B044B4F5013460D0A0F132
:1053F000B04401E058E052E0B4F502345AD0A0F1D4
:10540000B044B4F5033457D0A0F1B044B4F504343B
:1054100054D0A0F1B044B4F5053451D0A0F1B0445B
:10542000B4F506344ED0A0F1B044B4F507344BD0F7
:10543000A0F1B044B4F5083448D0A0F1B044B4F5BC
:10544000093445D00A24AC403C43C6F80844DAF895
:1054500000409C434D6815F4801F00D01C43CAF8DF
:105460000040DAF804409C434D6815F4001F00D05A
:105470001C43CAF80440DCF804409C434D6815F412
:10548000003F00D01C43CCF80440DCF800409C43B3
:105490004D6815F4803F00D01C43CCF80040521CEE
:1054A0000B68D3407FF432AFBDE8F88F0024CAE721
:1054B0000124C8E70224C6E70324C4E70424C2E7A2
:1054C0000524C0E70624BEE70724BCE70824BAE7A2
:1054D0000924B8E780000058F444025800690842E3
:1054E00001D00120704700207047002A01D081615F
:1054F000704709048161704701480068000C7047DB
:105500000010005C0148806870470000840100249E
:1055100090F84120202A01D00220704790F84020C6
:10552000012A20D0012280F84020242280F8412046
:105530000268136823F0010313600268136823F400
:1055400080531360026813681943116001680A6888
:1055500042F001020A60202180F84110002180F809
:105560004010002070470220704790F84120202A08
:1055700001D00220704790F84020012A1ED001225D
:1055800080F84020242280F841200268136823F02C
:10559000010313600268136823F4706343EA012176
:1055A000116001680A6842F001020A60202180F857
:1055B0004110002180F84010002070470220704701
:1055C00070B50446002C04D094F84100002510B1B9
:1055D00006E0012070BD84F84050204600F056F8E7
:1055E000242084F841002068016821F00101016055
:1055F000606820F07061206801612068816821F492
:1056000000418160E068012833D02168A06840F43F
:1056100004408860E068022831D02068416821F4A5
:10562000006141602068416841F4004141F000712F
:1056300041602068C16821F40041C160616920694E
:105640000843A16940EA01202168C860216AE06935
:105650000843216808602068016841F00101016089
:105660006564202084F84100256384F842500020BE
:1056700070BD2168A06840F400408860CAE72068D7
:10568000416841F400614160CCE700002DE9F0433E
:10569000B7B00446142130A8FBF7B5F8C02168461E
:1056A000FBF7B1F8DFF8208112264949042720686A
:1056B0000024454D08F10808DFF81091884228D1F0
:1056C000002021940821CDE90010684600F05AFB23
:1056D00008B1FDF7E5FC286840F002002860286862
:1056E00030A900F0020035904FF4C0703090CDE941
:1056F0003164CDE933474846FFF7F6FDD8F800108E
:1057000041F40011C8F80010D8F8000000F40010AF
:105710002AE0304988422BD1002021940821CDE98C
:105720000010684600F02EFB08B1FDF7B9FC2868B0
:1057300040F002002860286830A900F0020035908F
:105740004FF440603090CDE93164CDE933474846AD
:10575000FFF7CAFDD8F8001041F48001C8F8001026
:10576000D8F8000000F48000359037B0BDE8F08331
:1057700019498842F9D1002026941021CDE9001062
:10578000684600F0FFFA08B1FDF78AFC286840F08F
:1057900008002860286830A900F0080035904FF410
:1057A00040503090CDE931640C48CDE93347FFF7E4
:1057B0009BFD05481430016841F0800101600068DC
:1057C00000F08000D0E70000E044025800040258D6
:1057D0000054004000580040001C0058000C0258C3
:1057E0000248816802781144816070478401002476
:1057F00010B5032000F0A2F801F0C2F90F4A1168B9
:10580000C1F303230E49CB5C03F01F03D840126899
:1058100002F00F02895C0B4A01F01F0120FA01F12E
:10582000116009490860002000F010F808B101205B
:1058300010BD00F031F8002010BD000018440258DF
:1058400064C50008940100249001002470B504464A
:105850000F4D2A78002A0CD04FF47A700D49B0FB16
:10586000F2F00968B1FBF0F001F016FE18B101206A
:1058700070BD012070BD102C07D200222146501EA1
:1058800000F026F86C60002070BD012070BD0000A3
:105890008401002490010024054808B5016841F006
:1058A00002010160006800F00200009008BD0000E5
:1058B000F444025800280ADB012200F01F0102FA1A
:1058C00001F14009800000F1E020C0F800117047AC
:1058D0004DF8044D184B1B68C3F30223C3F1070CAA
:1058E000BCF1040F01D94FF0040C1C1D072C01D290
:1058F000002300E0DB1E012404FA0CFCACF1010CD7
:105900000CEA0101994004FA03F35B1E1A401143AB
:10591000002807DB00F1E020090180F800145DF8A1
:10592000044B704700F00F0000F1E020090180F8FF
:10593000141D5DF8044B70470CED00E000F007000B
:10594000064A11684FF6FF03194041EA002040F073
:10595000FD7040F080601060704700000CED00E0CA
:1059600070B515490A6812F0040F0DD00A6822F0CC
:10597000070210430860FFF7C5FD04460F4D286875
:1059800010F4005F09D014E0096801F007018142BA
:1059900001D0012070BD002070BDFFF7B3FD001BDA
:1059A000B0F57A7F01D9012070BD286810F4005F3E
:1059B000F3D0002070BD00000C4802580448025883
:1059C00010B501F091F805490968054AC1F30211C3
:1059D000515C01F01F01C84010BD00002044025876
:1059E00064C5000869490A6802F003020968C1F346
:1059F0000531674B1B68C3F30013DFF898C1DCF86F
:105A000000C0CCF3CC0C1CFB03F300EE103AB8EE54
:105A1000400A002972D09FED601A604B002AF7EE11
:105A2000000A46D0DFED5E1A012A68D0022A67D04C
:105A300002EE101A1968F8EE422A81EEA22AC1F38A
:105A4000080101EE901AF8EE611A40EE011A31EEEB
:105A5000A00A22EE000A1968C1F3462101EE101ACD
:105A6000B8EE411A31EE201AC0EE011ABCEEE11A6E
:105A700080ED001A1968C1F3064101EE101AB8EE64
:105A8000411A31EE201AC0EE011ABCEEE11A80ED87
:105A9000011A1968C1F3066101EE101AB8EE411A35
:105AA00071EE200A80EE201ABCEEC10A80ED020AD7
:105AB00070473C4AD2F800C01CF0200F21D0126879
:105AC000DFF8E4C0C2F3C1022CFA02F201EE902A20
:105AD000F8EE612A01EE901A1968F8EE611A82EE6A
:105AE000A12AC1F3080101EE901AF8EE611A40EE06
:105AF000011A31EEA00A22EE000AACE741E016E0FE
:105B000029E001EE901ADFED292A1968F8EE611AF2
:105B100082EEA12AC1F3080101EE901AF8EE611A93
:105B200040EE011A31EEA00A22EE000A93E702EEDF
:105B3000101A1968F8EE422A81EEA22AC1F3080170
:105B400001EE901AF8EE611A40EE011A31EEA00A49
:105B500022EE000A7FE701EE901ADFED152A1968A0
:105B6000F8EE611A82EEA12AC1F3080101EE901A43
:105B7000F8EE611A40EE011A31EEA00A22EE000A98
:105B800069E7002101604160816070472844025844
:105B90002C4402583C440258000000393844025852
:105BA0000024744A004402580090D0030024744C2E
:105BB0000024F44A69490A6802F003020968C1F343
:105BC0000551674B1B68C3F30023DFF898C1DCF86D
:105BD00000C0CCF3CC0C1CFB03F300EE103AB8EE83
:105BE000400A002972D09FED601A604B002AF7EE40
:105BF000000A46D0DFED5E1A012A68D0022A67D07B
:105C000002EE101A1968F8EE422A81EEA22AC1F3B8
:105C1000080101EE901AF8EE611A40EE011A31EE19
:105C2000A00A22EE000A1968C1F3462101EE101AFB
:105C3000B8EE411A31EE201AC0EE011ABCEEE11A9C
:105C400080ED001A1968C1F3064101EE101AB8EE92
:105C5000411A31EE201AC0EE011ABCEEE11A80EDB5
:105C6000011A1968C1F3066101EE101AB8EE411A63
:105C700071EE200A80EE201ABCEEC10A80ED020A05
:105C800070473C4AD2F800C01CF0200F21D01268A7
:105C9000DFF8E4C0C2F3C1022CFA02F201EE902A4E
:105CA000F8EE612A01EE901A1968F8EE611A82EE98
:105CB000A12AC1F3080101EE901AF8EE611A40EE34
:105CC000011A31EEA00A22EE000AACE741E016E02C
:105CD00029E001EE901ADFED292A1968F8EE611A21
:105CE00082EEA12AC1F3080101EE901AF8EE611AC2
:105CF00040EE011A31EEA00A22EE000A93E702EE0E
:105D0000101A1968F8EE422A81EEA22AC1F308019E
:105D100001EE901AF8EE611A40EE011A31EEA00A77
:105D200022EE000A7FE701EE901ADFED152A1968CE
:105D3000F8EE611A82EEA12AC1F3080101EE901A71
:105D4000F8EE611A40EE011A31EEA00A22EE000AC6
:105D500069E7002101604160816070472844025872
:105D60002C44025844440258000000394044025870
:105D70000024744A004402580090D0030024744C5C
:105D80000024F44A2DE9F84F044600250026206837
:105D9000C04310F0006FFE4FDFF8F8830DD1A06E06
:105DA00088B1B0F5801F13D0B0F5001F17D0B0F543
:105DB000401F00D00125CDB12E462088C04310F4ED
:105DC000807F1CD039E0386840F400303860F2E75A
:105DD000022104F1080003F08DFC0546EBE70221E7
:105DE00004F1280003F026FD0546E4E7D8F800009A
:105DF000A16E20F440100843C8F80000DDE7A06D54
:105E0000052817D2DFE800F003080F1717003868DD
:105E100040F4003038600EE0002104F1080003F087
:105E200069FC054607E0002104F1280003F002FDAB
:105E3000054600E0012535B12E462088C04310F408
:105E4000007F09D018E0D8F80000A16D20F007000D
:105E50000843C8F80000F0E7E06D802820D003DC9C
:105E600090B1402805D114E0C02803D0B0F5807F60
:105E700000D00125DDB12E462088DFF81C93C043F9
:105E800010F4806F1CD02FE0386840F40030386088
:105E9000F0E7002104F1080003F02CFC0546E9E7D7
:105EA000002104F1280003F0C5FC0546E2E7D8F81C
:105EB0000000E16D20F4E0700843C8F80000DBE763
:105EC000D4F8A800B0F5800F20D004DC90B1B0F574
:105ED000001F06D113E0B0F5C00F03D0B0F5000FDE
:105EE00000D00125CDB12E462088C04310F4006FAC
:105EF0001DD030E0386840F400303860F2E700210F
:105F000004F1080003F0F6FB0546EBE7002104F17D
:105F1000280003F08FFC0546E4E7D9F80000D4F828
:105F2000A81020F460000843C9F80000DCE7D4F8AA
:105F3000AC00B0F1007F20D004DC90B1B0F1807FE4
:105F400006D113E0B0F1407F03D0B0F1806F00D0F4
:105F50000125CDB12E462068C04310F0007F1DD032
:105F600027E0386840F400303860F2E7002104F19F
:105F7000080003F0BFFB0546EBE7002104F1280011
:105F800003F058FC0546E4E7D9F80000D4F8AC105B
:105F900020F0E0600843C9F80000DCE7E06C30B1B5
:105FA00010280CD020280FD0302800D0012595B122
:105FB0002E462088C04310F4805F14D026E0386855
:105FC00040F400303860F2E7022104F1080003F0E9
:105FD00091FB0546EBE771480168E26C21F0300166
:105FE00011430160E5E7206EB0F5005F20D004DCCE
:105FF00090B1B0F5805F06D113E0B0F5405F03D0FB
:10600000B0F5804F00D00125CDB12E462088C04389
:1060100010F4005F1CD031E0386840F40030386084
:10602000F2E7002104F1080003F064FB0546EBE70A
:10603000002104F1280003F0FDFB0546E4E7D8F851
:106040000000216E20F4E0400843C8F80000DDE7BE
:10605000606EB0F5403F0FD007DC68B1B0F5803F0F
:1060600012D0B0F5003F06D115E0B0F5802F03D077
:10607000B0F5A02F00D00125A5B12E462088C04341
:1060800010F4804F17D02DE0012104F1080003F037
:1060900031FB0546F0E7012104F1280003F0CAFBBB
:1060A0000546E9E7D8F80000616E20F4E0200843D7
:1060B000C8F80000E2E7D4F8B000B0F1405F0FD0BC
:1060C00007DC68B1B0F1805F12D0B0F1005F06D19B
:1060D00015E0B0F1804F03D0B0F1A04F00D0012502
:1060E000A5B12E462088C04310F4004F18D022E0FE
:1060F000012104F1080003F0FDFA0546F0E7012153
:1061000004F1280003F096FB0546E9E7D9F8000002
:10611000D4F8B01020F0E0400843C9F80000E1E7EF
:10612000206F30B1B0F1805F0BD0B0F1005F0DD0C7
:10613000012595B12E462068C04310F0807F15D010
:106140001FE0386840F400303860F2E7012104F1C4
:10615000080003F0CFFA0546EBE7D8F80000216FFE
:1061600020F040500843C8F80000E4E7A06C30B1CC
:10617000012819D002281CD0032800D00125FDB128
:106180002E462068DFF818B0C04310F4800F09E0F5
:106190002C44025850440258584402584C44025867
:1061A0001044025814D030E0386840F400303860B1
:1061B000E5E7022104F1080003F09CFA0546DEE75A
:1061C000F8480168A26C21F0030111430160D8E78F
:1061D000F548006840F48071F3480160FFF792F9D8
:1061E0008246F148006810F4807F0CD1FFF78AF9ED
:1061F000A0EB0A00642801D9032504E0EA480068FE
:1062000010F4807FF2D045B12E462078DFF89CA3B1
:10621000C04310F0010F60D070E0DFF894A3DAF80B
:106220000000B4F8B41000F4407001F440718842EA
:1062300011D0DAF8000020F44070DAF8001041F4D0
:106240008031CAF80010DAF8001021F48031CAF861
:106250000010CAF80000D4F8B400B0F5807F16D161
:10626000FFF750F90090DAF8000010F0020F0ED19D
:10627000FFF748F90099411A41F28830814201D96B
:10628000032504E0DAF8000010F0020FF0D00DB1A1
:106290002E46BAE7D4F8B4004FF4407181430FD0D2
:1062A000DBF8000020F47C50CBF80000DAF80000A6
:1062B000B4F8B410C1F30B010843CAF80000A4E716
:1062C000DBF8001020F4407020F0704021F47C5185
:1062D00041EA1010CBF80000E8E7E06F18280BD077
:1062E00005DC48B108280FD0102804D113E020287D
:1062F00002D0282800D00125A5B12E462078C04321
:1063000010F0020F17D02FE0012104F1080003F074
:10631000F1F90546F0E7012104F1280003F08AFABB
:106320000546E9E7DAF80000E16F20F0380008439D
:10633000CAF80000E2E7A06F062812D2DFE800F0FA
:1063400012030A121212012104F1080003F0D2F91B
:10635000054607E0012104F1280003F06BFA054629
:1063600000E0012535B12E462078C04310F0040F1F
:1063700009D022E0DAF80000A16F20F007000843FE
:10638000CAF80000F0E7D4F89400062812D2DFE83B
:1063900000F012030A121212012104F1080003F0A6
:1063A000A9F9054607E0012104F1280003F042FAAB
:1063B000054600E0012535B12E462078C04310F097
:1063C000200F0AD020E0D9F80000D4F8941020F073
:1063D00007000843C9F80000EFE7D4F89000B0F1D7
:1063E000405F0FD007DC68B1B0F1805F12D0B0F130
:1063F000005F06D115E0B0F1804F03D0B0F1A04F9F
:1064000000D00125A5B12E462078C04310F0400FE2
:1064100018D02EE0002104F1080003F06BF90546C6
:10642000F0E7022104F1280003F004FA0546E9E749
:10643000DAF80000D4F8901020F0E0400843CAF8E1
:106440000000E1E7D4F89C00B0F5406F0FD007DC06
:1064500068B1B0F5806F12D0B0F5006F06D115E0CD
:10646000B0F5805F03D0B0F5A05F00D00125A5B1E5
:106470002E462078C04310F0800F18D02EE0002167
:1064800004F1080003F036F90546F0E7022104F1B3
:10649000280003F0CFF90546E9E7D9F80000D4F861
:1064A0009C1020F4E0500843C9F80000E1E7D4F85C
:1064B000A000B0F5C04F0FD007DC68B1B0F5005FA9
:1064C00012D0B0F5804F06D115E0B0F5004F03D0E3
:1064D000B0F5204F00D00125A5B12E462078C0434D
:1064E00010F0080F18D02CE0002104F1080003F090
:1064F00001F90546F0E7022104F1280003F09AF9BA
:106500000546E9E7D9F80000D4F8A01020F460406F
:106510000843C9F80000E1E7D4F88400B0F5805FD3
:1065200006D1022104F1280003F084F900B101260C
:10653000DAF80000D4F8841020F440500843CAF878
:1065400000002078C04310F0100F14D1D4F8980048
:10655000B0F5807F06D1022104F1280003F06AF92A
:1065600000B10126D9F80000D4F8981020F440704A
:106570000843C9F800002068C04310F4002F0BD175
:10658000D4F8A400B0B1B0F5803F1AD0B0F5003F08
:1065900000D00125E5B12E462068C04310F4802FBD
:1065A00020D02DE04C440258004802585444025870
:1065B00070440258002104F1080003F09BF80546DE
:1065C000E8E7022104F1280003F034F90546E1E789
:1065D000D9F80000D4F8A41020F440300843C9F8DA
:1065E0000000D9E7D4F88800B0F5801F0ED0B0F5D0
:1065F000001F10D0B0F5401F00D0012595B12E46E8
:106600002068C04310F4803F16D01DE0386840F485
:1066100000303860F2E7012104F1280003F00AF9A4
:106620000546EBE7DAF80000D4F8881020F44010B3
:106630000843CAF80000E3E7206D58B1B0F5803F89
:106640000DD0012595B12E462068C04310F0005FA3
:1066500014D01AE0386840F400303860F2E70221C4
:1066600004F1080003F046F80546EBE76E480168C0
:10667000226D21F4803111430160E5E7022104F12C
:10668000280003F0D7F800B101262068C04310F4B9
:10669000003F0ED1D4F8800048B1B0F5807F0ED015
:1066A000B0F5007F03D0B0F5407F00D001255DB18B
:1066B0002E462068C04310F4801F0FD016E03868C3
:1066C00040F400303860F2E7DAF80000D4F88010C7
:1066D00020F440700843CAF80000EAE7D8F8000048
:1066E000616F20F000400843C8F800002068C043F4
:1066F00010F0805F08D1DBF80000D4F8B81020F467
:1067000080400843CBF800002068C04310F4001F0D
:1067100007D1D8F80000E16E20F080700843C8F877
:1067200000002068C04310F0804F0CD1DBF800005F
:1067300020F40040CBF80000DBF80000D4F8BC10D7
:106740000843CBF800002068C04310F0004F06D18A
:1067500035480168626D21F04051114301602068A5
:10676000C04310F4000F08D1DAF80000D4F88C1000
:1067700020F440000843CAF8000020790025C043F7
:1067800000F00100284306D1002104F1080002F0C6
:10679000B1FF00B106462079C04300F00200284353
:1067A00006D1012104F1080002F0A4FF00B1064661
:1067B0002079C04300F00400284306D1022104F1EF
:1067C000080002F097FF00B106462079C04300F0B0
:1067D0000800284306D1002104F1280003F02AF81C
:1067E00000B106462079C04300F01000284306D1CE
:1067F000012104F1280003F01DF800B106462079BC
:10680000C04300F02000284306D1022104F12800F3
:1068100003F010F800B1064616B10120BDE8F88F6C
:106820000020BDE8F88F00004C4402582DE9F05FCD
:1068300004460D46002C17D0DFF88492D9F80000EA
:1068400000F00F00A84212D2D9F8000020F00F008B
:106850002843C9F80000D9F8000000F00F00A84252
:1068600005D00120BDE8F09F0120BDE8F09F207811
:10687000944E10F0040F0AD02069316801F07001C5
:10688000884204D9316821F07001084330602078D3
:106890008D4F10F0080F0AD06069396801F070015F
:1068A000884204D9396821F07001084338602078A3
:1068B00010F0100F0AD0A069396801F4E061884235
:1068C00004D9396821F4E061084338602078DFF8A2
:1068D000FCB110F0200F0DD0E069DBF8001001F0E2
:1068E0007001884206D9DBF8001021F070010843DE
:1068F000CBF80000207810F0020F0AD0E068316871
:1069000001F00F01884204D9316821F00F010843DA
:106910003060207810F0010F51D03068A16820F469
:1069200070600843306060686949022808D0032815
:106930000DD0012812D0096811F0040F34D011E0F5
:10694000096811F4003F0DD10120BDE8F09F0968EE
:1069500011F0007F06D10120BDE8F09F096811F415
:10696000807F1ED0DFF86CA1DAF8001021F007015B
:106970000843CAF80000FEF7C5FD8046DAF80000BB
:10698000616800F03800B0EBC10F18D0FEF7BAFD17
:10699000A0EB080141F28830814208D90320BDE80C
:1069A000F09F0120BDE8F09F0120BDE8F09FDAF8DC
:1069B0000000616800F03800B0EBC10FE6D120782C
:1069C00010F0020F0AD0E068316801F00F01884230
:1069D00004D2316821F00F0108433060D9F800007B
:1069E00000F00F00A8420FD9D9F8000020F00F00E6
:1069F0002843C9F80000D9F8000000F00F00A842B1
:106A000002D00120BDE8F09F207810F0040F0AD0DA
:106A10002069316801F07001884204D2316821F0A8
:106A2000700108433060207810F0080F0AD06069C8
:106A3000396801F07001884204D2396821F0700190
:106A400008433860207810F0100F0AD0A069396828
:106A500001F4E061884204D2396821F4E06108431E
:106A60003860207810F0200F0DD0E069DBF80010BE
:106A700001F07001884206D2DBF8001021F07001AD
:106A80000843CBF8000000F07BF83168C1F3032223
:106A900011498A5C02F01F02D040326802F00F02F6
:106AA000895C0E4A01F01F0120FA01F111600C49C6
:106AB00008600C480068BDE8F05FFEF7C7BE000044
:106AC00000200052184402581C4402582044025826
:106AD000004402581044025864C500089401002480
:106AE00090010024880100244DF804ED00F048F8DE
:106AF0000B4A11680B4BC1F30321595C01F01F01D4
:106B000020FA01F11068084A00F00F00185C00F04C
:106B10001F0021FA00F01060044A11605DF804FBC8
:106B20001844025864C50008940100249001002410
:106B30004DF804EDFFF7D8FF05490968054AC1F390
:106B40000211515C01F01F01C8405DF804FB000018
:106B50001C44025864C500084DF804EDFFF7C4FF5B
:106B600005490968054AC1F30221515C01F01F0182
:106B7000C8405DF804FB00001C44025864C50008CE
:106B80004DF8044D69480068DFF8A4C1694B10F066
:106B900038014ED008294FEA2C1047D0102959D07F
:106BA000182943D16448016801F003010068C0F36B
:106BB0000510624A126802F00102614C2468C4F3B5
:106BC000CC0414FB02F200EE102AB8EE400A0028B2
:106BD0007BD0DFED5C0A5C4AB7EE001AA9B39FEDEB
:106BE0005B2A012974D0022971D001EE900A106845
:106BF000F8EE611AC2EE212AC0F3080001EE900AF5
:106C0000F8EE611A40EE201A31EE810A22EE800A77
:106C10001068C0F34620401C00EE900AF8EE600AAF
:106C200080EE201ABCEEC10A10EE100A5DF8044B8B
:106C30007047186810F0200F08D018685DF8044BF2
:106C4000C0F3C1002CFA00F0704707E05DF8044B78
:106C5000604670473E485DF8044B7047196811F074
:106C6000200F1CD01968C1F3C1012CFA01F101EE0B
:106C7000901AF8EE612A01EE900A1068F8EE611A97
:106C800082EEA12AC0F3080001EE900AF8EE611A24
:106C900040EE201A31EE810A22EE000AB8E701EE3A
:106CA000900ADFED2C2A1068F8EE611A82EEA12A14
:106CB000C0F3080001EE900AF8EE611A40EE201AC7
:106CC00031EE810A22EE000AA2E72BE000E013E099
:106CD00001EE900A1068F8EE611AC2EE212AC0F3A4
:106CE000080001EE900AF8EE611A40EE201A31EE2B
:106CF000810A22EE800A8BE701EE900ADFED162A68
:106D00001068F8EE611A82EEA12AC0F3080001EEC5
:106D1000900AF8EE611A40EE201A31EE810A22EE56
:106D2000000A75E75DF8044B0020704710440258D4
:106D30000090D00300440258284402582C440258C2
:106D40003444025800000039304402580024744A88
:106D500000127A000024744C0024F44A2DE9F05FFC
:106D60000446002C11D02078DFF8F883FE4F10F095
:106D7000010FFE4D6BD0D8F8000000F038003968E4
:106D8000102823D0182803D006E00120BDE8F09F8A
:106D900001F00300022819D06068B0F5803F1ED0D2
:106DA00010B3B0F5A02F28D0286820F480302860D8
:106DB000286820F480202860606878B3FEF7A2FB82
:106DC0000646286810F4003F20D040E0286810F400
:106DD000003F3CD0606830BB0120BDE8F09F2868D0
:106DE00040F480302860E7E7286820F4803028608D
:106DF000286820F480202860DEE7286840F480209E
:106E00002860286840F480302860D5E7FEF77AFBD8
:106E1000801B642803D90320BDE8F09F04E02868A4
:106E200010F4003FF2D012E0FEF76CFB0646286833
:106E300010F4003F0BD0FEF765FB801B642802D9DD
:106E40000320BDE8F09F286810F4003FF3D12078BC
:106E500041F2030AC64E10F0020F4BD0D8F80000E2
:106E600000F038003968A0B1182802D111F0030FE2
:106E70000FD0E068002878D0296821F01901084374
:106E80002860FEF73FFB8146286810F0040F41D0D0
:106E90004DE0286810F0040F01D0E06868B1286860
:106EA000E16820F0190008432860FEF72BFB8146BB
:106EB000286810F0040F03D00FE00120BDE8F09F18
:106EC000FEF720FBA0EB0900022802D90320BDE851
:106ED000F09F286810F0040FF2D0FEF70DFB50452C
:106EE00010D82069402806D0316821F47C3141EA6D
:106EF0000030306051E0306820F47C3040F40030E5
:106F000030604AE03068217C20F0FE4040EA0160B9
:106F1000306042E0FEF7F6FAA0EB0900022802D941
:106F20000320BDE8F09F286810F0040FF2D0FEF7B0
:106F3000E3FA504511D82069402806D0316821F481
:106F40007C3141EA0030306027E0306820F47C304A
:106F500040F40030306020E007E03068217C20F011
:106F6000FE4040EA0160306017E0286820F0010030
:106F70002860FEF7C7FA8146286810F0040F0CD08D
:106F8000FEF7C0FAA0EB0900022802D90320BDE8F1
:106F9000F09F286810F0040FF2D1207810F0100F45
:106FA00045D0D8F8000000F038003968DFF8C4B1E7
:106FB000082813D0182803D101F0030001280DD0B0
:106FC000E069A8B3286840F080002860FEF79AFACC
:106FD0008146286810F4807F2BD037E0286810F4B1
:106FE000807F05D0E069802802D00120BDE8F09FB5
:106FF000FEF782FA504510D8206A202806D0316862
:1070000021F0F84141EA8060306056E0306820F0BD
:10701000F84040F0804030604FE0DBF8000094F82A
:10702000201020F07C5040EA0160CBF8000044E0E2
:107030002CE0FEF767FAA0EB0900022802D9032032
:10704000BDE8F09F286810F4807FF2D0FEF754FA74
:10705000504510D8206A202806D0316821F0F84128
:1070600041EA8060306028E0306820F0F84040F06D
:107070008040306021E0DBF8000094F8201020F020
:107080007C5040EA0160CBF8000016E0286820F050
:1070900080002860FEF736FA0646286810F4807FE4
:1070A0000BD0FEF72FFA801B022802D90320BDE87F
:1070B000F09F286810F4807FF3D1207810F0080F3B
:1070C0003AD0DFF8B4906069D8B1D9F8000040F048
:1070D0000100C9F80000FEF715FA0646D9F80000CD
:1070E00010F0020F28D1FEF70DFA801B022802D9FA
:1070F0000320BDE8F09FD9F8000010F0020FF2D095
:107100001AE0D9F8000020F00100C9F80000FEF7ED
:10711000F9F90646D9F8000010F0020F0CD0FEF77E
:10712000F1F9801B022802D90320BDE8F09FD9F8AD
:10713000000010F0020FF2D1207810F0200F3DD0A7
:10714000A06920B3286840F480502860FEF7DAF97F
:107150000646286810F4005F30D1FEF7D3F9801B93
:1071600002280BE0104402582844025800440258F8
:10717000044402580C4402587444025802D90320B3
:10718000BDE8F09F286810F4005FE6D016E028689C
:1071900020F480502860FEF7B5F90646286810F400
:1071A000005F0BD0FEF7AEF9801B022802D9032046
:1071B000BDE8F09F286810F4005FF3D1207810F04C
:1071C000040F6CD0B14E306840F480703060FEF730
:1071D00099F98146306810F4807F0CD1FEF792F95E
:1071E000A0EB0900642802D90320BDE8F09F3068B5
:1071F00010F4807FF2D0A068A54E012816D0D0B13F
:10720000052821D0306820F001003060306820F07F
:1072100004003060A06841F2883A60B3FEF772F96A
:107220008146306810F0020F17D038E0306840F027
:1072300001003060EEE7306820F001003060306817
:1072400020F004003060E5E7306840F00400306072
:10725000306840F001003060DCE7FEF753F9A0EB46
:107260000900504502D90320BDE8F09F306810F0B6
:10727000020FF2D013E0FEF745F98146306810F0B6
:10728000020F0CD0FEF73EF9A0EB0900504502D9E1
:107290000320BDE8F09F306810F0020FF2D1616A60
:1072A000A1B3D8F80000DFF8EC9100F038001828FE
:1072B00009F10408A9F104067DD0022912D028683A
:1072C00020F080702860FEF71DF90446286810F051
:1072D000007F1BD0FEF716F9001B02286CD9032093
:1072E000BDE8F09F286820F080702860FEF70AF95A
:1072F0008246286810F0007F0DD0FEF703F9A0EB5E
:107300000A00022803D90320BDE8F09FBBE02868EB
:1073100010F0007FF1D13868E16A20F0F30020F42A
:10732000407040EA0110A16A08433860208E4FF493
:107330007E42616B401E491EC0F3080002EA4121F3
:107340000843218FD201491E02EA0141084394F803
:107350003C10491E120202EA01610843C9F800000C
:10736000306820F001003060D8F80000A16C6FF3A5
:10737000CF0040EAC100C8F800003068216C20F05E
:107380000C00084330603068616C20F00200084354
:107390003060306840F480303060306840F4003055
:1073A0003060306840F480203060306840F0010088
:1073B0003060286801E01DE016E040F08070286031
:1073C000FEF7A0F80446286810F0007F5BD1FEF7B6
:1073D00099F8001B022802D90320BDE8F09F286815
:1073E00010F0007FF3D04EE0286810F0007F7FF4AB
:1073F00071AF48E03A68D9F80000012921D0A36AAA
:1074000002F0030199421CD1E16AC2F305129142D4
:1074100017D1226BC0F30801521E914211D1616B4A
:10742000C0F34622491E91420BD1A16BC0F3064224
:10743000491E914205D1E16BC0F30660491E8142AD
:1074400002D00120BDE8F09FD8F80000C0F3CC00C6
:10745000A16C814217D0306820F001003060FEF747
:1074600051F80546FEF74EF8A842FBD0D8F80000C8
:10747000A16C6FF3CF0040EAC100C8F8000030688B
:1074800040F0010030600020BDE8F09F0048025845
:107490007044025830440258401EB0F1807F01D33E
:1074A000012070474FF0E0214861F020034A10703E
:1074B00000208861072008610020704723ED00E06C
:1074C00070477047704710B50446002C03D094F8FD
:1074D0003D0010B107E0012010BD002084F83C0001
:1074E000204600F023F8022084F83D002068211D8A
:1074F00003F092FA012084F8480084F83E0084F8F2
:107500003F0084F8400084F8410084F8420084F889
:10751000430084F8440084F8450084F8460084F869
:10752000470084F83D00002010BD000008B5154A52
:107530000168154891420ED1016841F08001016057
:1075400000680022114600F0800000902C20FEF719
:10755000BFF92C2010E00D4A914211D1016841F48D
:107560008071016000680022032100F480700090A7
:107570002D20FEF7ADF92D20BDE80840FEF79AB9A1
:1075800008BD0000001C0040E844025800200040F4
:1075900090F83D10012901D001207047022180F8A8
:1075A0003D100168CA6842F00102CA600068A0F19B
:1075B0008041B1F5803126D0B0F1804F23D0A0F1C9
:1075C0008041B1F580611ED0A0F18041B1F500612C
:1075D00019D0A0F18041B1F5406114D0A0F18041F3
:1075E000B1F582310FD0A0F18041B1F5C0510AD080
:1075F000A0F18041B1F5A03105D0016841F0010151
:107600000160002070478168054A11400629F8D0C2
:10761000B1F5803FF5D0016841F001010160F0E76C
:107620000700010070472DE9F04104462068C66854
:1076300005694FF0000715F0020F16D016F0020F83
:1076400013D0F91E0161012020772068806910F0B5
:10765000030F03D02046FFF7E5FF05E0204600F0CA
:10766000A0F8204600F09EF8277715F0040F18D0F8
:1076700016F0040F15D021686FF004000861022095
:1076800020772068806910F4407F03D02046FFF700
:10769000C9FF05E0204600F084F8204600F082F89B
:1076A000277715F0080F18D016F0080F15D02168AD
:1076B0006FF008000861042020772068C06910F08E
:1076C000030F03D02046FFF7ADFF05E0204600F092
:1076D00068F8204600F066F8277715F0100F18D0EC
:1076E00016F0100F15D021686FF010000861082007
:1076F00020772068C06910F4407F03D02046FFF750
:1077000091FF05E0204600F04CF8204600F04AF8D2
:10771000277715F0010F09D016F0010F06D0216868
:107720006FF001000861204600F03EF805F080008F
:1077300005F40051084309D016F0800F06D02168E7
:107740006FF4025008612046FFF7BBFE15F4807FFE
:1077500009D016F0800F06D021686FF480700861A0
:107760002046FFF7ADFE15F0400F09D016F0400F90
:1077700006D021686FF040000861204600F02CF828
:1077800015F0200F0BD016F0200F08D021686FF0F5
:10779000200008612046BDE8F041FFF793BEBDE838
:1077A000F08170477047000010B5044607488442D6
:1077B00002D10748C06880470648844205D1044882
:1077C0001830C068BDE81040004710BD5C190024A7
:1077D000D806002410190024704790F8841001295D
:1077E00018D0012180F884102421C0F88810016885
:1077F0000A680B6823F001030B6022F0005100229D
:107800004266036819602021C0F8881080F884203F
:1078100000207047022070477047704770B50446DB
:1078200094F8840001281DD0012084F884002420CD
:10783000C4F8880020680568026822F0010202602E
:107840002068826822F0606211438160204603F064
:107850009FF9206805602020C4F88800002084F883
:10786000840070BD022070BD70B5044694F8840099
:1078700001281DD0012084F884002420C4F8880049
:1078800020680568026822F00102026020688268B0
:1078900022F0604211438160204603F079F92068AC
:1078A00005602020C4F88800002084F8840070BDA2
:1078B000022070BD70477047D0F88810212909D187
:1078C0000168083151E8002F42F0800241E80023AE
:1078D000002BF5D1D0F88C10222921D10268082183
:1078E0001162016941B1016851E8002F42F48072D0
:1078F00041E80023002BF6D10168083151E8002F40
:1079000042F0010241E80023002BF5D10168083163
:1079100051E8002F42F0400241E80023002BF5D14E
:107920000020704770B50446D4F88800D4F88C6005
:10793000216889684FF0100511F0800F18D02128B8
:1079400016D12068083050E8001F21F0800140E87F
:107950000012002AF5D1E06F38B1FBF71DFD20B110
:10796000E06FFCF71DF820280AD0204603F0F8FA53
:107970002068806810F0400F1FD0222E04D01CE039
:10798000C4F89050032070BD2068083050E8001FF4
:1079900021F0400140E80012002AF5D1D4F880001F
:1079A00040B1FBF7F9FC28B1D4F88000FBF7F8FFF1
:1079B000202804D0204603F099FA002070BDC4F8B6
:1079C0009050032070BD70472DE9F04104462368B4
:1079D000D86919689A6840F60F0C00EA0C0CBCF1E3
:1079E000000F0FD110F0200F0CD001F0200502F095
:1079F0008056354306D0616F00297DD02046BDE812
:107A0000F041084700250226BCF1000F75D0DFF8D1
:107A100064C3D94F02EA0C0C0F405CEA07076CD034
:107A200010F0010F0AD011F4807F07D001271F62E8
:107A3000D4F8903043F00103C4F8903010F0020FF6
:107A40000AD012F0010F07D023681E62D4F89030DC
:107A500043F00403C4F8903010F0040F0BD012F080
:107A6000010F08D0266804233362D4F8903043F025
:107A70000203C4F8903010F0080F0FD001F020037B
:107A800053EA0C030AD0D4F800C00823CCF8203005
:107A9000D4F8903043F00803C4F8903010F4006F2D
:107AA0000ED011F0806F0BD0D4F800C04FF40063FB
:107AB000CCF82030D4F8903043F02003C4F8903054
:107AC000D4F89030002B3FD010F0200F09D001F0F7
:107AD000200002F08051084303D0616F09B12046B5
:107AE0008847D4F890002168896811F0400F02D1CE
:107AF00010F0280F2FD001E026E033E0204603F0FD
:107B0000F5F92068806810F0400F1FD02068083019
:107B100050E8001F21F0400140E80012002AF5D192
:107B2000D4F8800068B195490165D4F88000FBF76E
:107B3000E7FD002808D0D4F88000016DBDE8F041D1
:107B400008472046FFF73FFFBDE8F0812046FFF7DA
:107B50003AFFBDE8F0812046FFF735FFC4F89050AA
:107B6000BDE8F081D4F86CC0BCF1010F7DD110F0FC
:107B7000100F7AD011F0100F77D010201862206803
:107B800080684FF0200310F0400F7ED0D4F88010B2
:107B90007B4A086890422CD07A4A904229D07A4A8F
:107BA000904226D0794A904223D0794A904220D000
:107BB000784A90421DD0784A90421AD0774A904233
:107BC00017D0774A904214D0764A904211D0764A24
:107BD00090420ED0754A90420BD0754A904208D020
:107BE000744A904205D0744A904202D0734A90423F
:107BF00001D1406800E0406880B20028B0D0B4F8FD
:107C00005C208242ACD9A4F85E00C869B0F5807FE0
:107C10002FD0206850E8001F21F4807140E8001246
:107C2000002AF6D12068083050E8001F21F0010139
:107C300040E80012002AF5D12068083050E8001F03
:107C400021F0400140E80012002AF5D1C4F88C3040
:107C5000E566206850E8001F21F0100140E800129E
:107C6000002AF6D1D4F8800001E044E00DE0FBF7F3
:107C700093FB2667B4F85C00B4F85E10401A81B23A
:107C80002046FFF7C9FDBDE8F081B4F85C00B4F808
:107C90005E10401A81B2B4F85E000028F3D00029CB
:107CA000F1D0206850E8002F22F4907240E8002CB8
:107CB000BCF1000FF5D12068083050E8002F22F009
:107CC000010222F0805240E8002CBCF1000FF2D1FA
:107CD000C4F88C30E5666567206850E8002F22F014
:107CE000100240E80023002BF6D126672046FFF75C
:107CF00093FDBDE8F08110F4801F0AD012F4800FCC
:107D000007D04FF4801018622046BDE8F041FFF71D
:107D1000D2BD10F0800F0CD001F0800302F40002FD
:107D20001A4306D0A16F0029E3D02046BDE8F041F8
:107D3000084710F0400F07D011F0400F04D0204644
:107D4000BDE8F04103F0FAB810F4000F07D011F0CD
:107D5000804F04D02046BDE8F041FFF7ABBD10F0E6
:107D6000807FC6D011F0004FC3D02046BDE8F0415F
:107D7000FFF753BD01000010200100047FAD000893
:107D8000100002402800024040000240580002401B
:107D90007000024088000240A0000240B80002408B
:107DA00010040240280402404004024058040240EB
:107DB0007004024088040240A0040240B80402405B
:107DC00010B50446002C03D0D4F8880010B107E0A9
:107DD000012010BD002084F88400204600F028F81F
:107DE0002420C4F888002068016821F001010160A6
:107DF000A06A10B1204602F0F9FE204603F0FEF81A
:107E0000012813D02068416821F490414160206826
:107E1000816821F02A0181602068016841F0010138
:107E200001602046BDE8104002F04CBF012010BDAB
:107E30002DE9F04FB7B00446142130A8F8F7E3FC61
:107E4000C0216846F8F7DFFCFF4D0227DFF8F89302
:107E50004FF0030B083D4FF040080021FB4A20681B
:107E60001615904263D100221E9102238A4668466D
:107E7000CDE90032FDF786FF08B1FBF711F9D9F81B
:107E8000001041F40021C9F80010D9F8000000F4F6
:107E900000203590286840F00100286028680821FB
:107EA000CDF8C0B0554600F00100CDE9317ACDF8EB
:107EB000CCA0CDE93410E64830A9FDF715FAE54F1E
:107EC0003F21E54887E82300C7E903567D6138462E
:107ED000BD61FD613D627D62FCF724F908B1FBF7ED
:107EE000DFF8DFF870934146DB4A09F17809C4F8FE
:107EF00080704846BC631832E0E8022880E86200DF
:107F0000C5600561456185614846C9F82450FCF7A4
:107F100009F908B1FBF7C4F80022C4F87C903420BA
:107F20001146C9F83840FDF7D3FC342066E0CB4A4F
:107F3000904268D100221E9102238A466846CDE90C
:107F40000032FDF71FFF08B1FBF7AAF8D9F80010BF
:107F500041F48011C9F80010D9F8000000F4801035
:107F60003590286840F00200286028680E21D1462C
:107F7000554600F0020035904FF440503090CDE966
:107F8000317ACDE933A1B64830A9FDF7ADF9B14F4B
:107F90004121B148F037483087E82300C7E903564C
:107FA0007D613846BD61FD613D627D62FCF7BAF8D6
:107FB00008B1FBF775F8AB4D4223C4F88070BC6381
:107FC0002846A54AC5E90396C5F814906032C5F85D
:107FD0001890C5F81C90C5F82090C5F8249085E845
:107FE0000C01FCF79FF808B1FBF75AF80022E5678F
:107FF00035201146AC63FDF76BFC3520FDF75AFCCC
:1080000037B0BDE8F08F984A4FF0070A904267D129
:1080100000201E9102228B46CDE900206846FDF724
:10802000B1FE08B1FBF73CF8D9F8001041F08041EF
:10803000C9F80010D9F8000000F080403590286899
:1080400040F01000286028684FF4C071309130A9CA
:1080500000F010005D46CDE9317BCDF8CCB0CDE924
:1080600034A08248FDF740F9DFF8F8914F227A49B1
:1080700009F178099031484689E82600C0E903569D
:10808000C9F81450C9F81850C9F81C50C9F8205044
:10809000C9F82450FCF746F808B1FBF701F8714F16
:1080A0005023C4F88090F037C9F838406A4A3846FF
:1080B000C7E903567D613032BD61FD613D627D627D
:1080C00087E80C01FCF72EF808B1FAF7E9FF002267
:1080D000E76752201146BC63FDF7FAFB52208DE79B
:1080E000634A904262D100221E9102238A4668466A
:1080F000CDE90032FDF746FE08B1FAF7D1FFD9F815
:10810000001041F00041C9F80010D9F8000000F05B
:1081100000403590286840F0100028602868082149
:10812000CDF8C0B0554600F01000CDE9317ACDF859
:10813000CCA0CDE934104D4830A9FDF7D5F84D4F0E
:1081400051214D4887E82300C7E903567D61384631
:10815000BD61FD613D627D62FBF7E4FF08B1FAF7A6
:108160009FFF444D5223C4F880707835BC633A4A6F
:108170002846C5E903A6C5F814A07832C5F818A0AA
:10818000C5F81CA0C5F820A0C5F824A085E80C01FE
:10819000FBF7C8FF08B1FAF783FF0022E567532019
:1081A0001146AC63FDF794FB532027E7334ADFF811
:1081B000D0B0904268D100201F9101228946CDE9BC
:1081C00000206846FDF7DEFD08B1FAF769FFDBF82D
:1081D000001041F01001CBF80010DBF8000000F0B7
:1081E00010003590286840F00100286028680123BD
:1081F0004FF4C0624D4600F00100CDE9323930A99C
:10820000CDE934A01248CDE93027FDF76DF8194FBC
:108210002923194A4FF4003AF0372846783A07F1F3
:1082200018013A609215C7E90135C7E903567D6127
:1082300081E8050438467D62FBF774FF08B1FAF760
:108240002FFF104D0C4A20E0E8440258004C00403B
:108250000000025870260024100402400050004024
:1082600000040258D827002400780040001002586B
:10827000007C00404029002488000240001001409A
:10828000F0440258A82A00241FE0C4F88070183275
:10829000BC632A23C5E90396C5F814902846C5F89F
:1082A0001890C5E9079AC5F8249085E80C01FBF7FA
:1082B00039FF08B1FAF7F4FEE56700220121AC634B
:1082C0002520FDF705FB252098E69E4A904265D1C2
:1082D00000201E9102228B46CDE900206846FDF762
:1082E00051FD08B1FAF7DCFED9F8001041F4003175
:1082F000C9F80010D9F8000000F400303590286863
:1083000040F00100286028680C21309130A900F06D
:1083100001005D46CDE9317BCDF8CCB0CDE934A08C
:108320008948FCF7E1FF894F2B21894887E8230022
:10833000C7E903567D613846BD61FD613D627D62DE
:10834000FBF7F0FE08B1FAF7ABFEDFF800922C2342
:10835000C4F8807009F17809BC6348467C4A183A31
:10836000C0E90356C9F81450C9F81850C9F81C5090
:10837000C9F8205089E80C01C9F82450FBF7D2FE57
:1083800008B1FAF78DFE0022C4F87C902620114631
:10839000C9F83840FDF79CFA26202FE66D4A904236
:1083A00066D100201E9102228B46CDE9002068464E
:1083B000FDF7E8FC08B1FAF773FED9F8001041F4B4
:1083C0008021C9F80010D9F8000000F48020359011
:1083D000286840F00800286028684FF44071309108
:1083E00030A900F008005D46CDE9317BCDF8CCB076
:1083F000CDE934A05848FCF777FF544F2D2154485D
:10840000F037483887E82300C7E903567D613846CE
:10841000BD61FD613D627D62FBF784FE08B1FAF744
:108420003FFEDFF838912E23C4F880704846BC63C5
:10843000474AC0E90356C9F81450303AC9F81850F1
:10844000C9F81C50C9F8205089E80C01C9F824501B
:10845000FBF768FE08B1FAF723FE0022C4F87C900F
:1084600027201146C9F83840FDF732FA2720C5E524
:108470003B4A90427FF4C4AD00221F9101238946FC
:108480006846CDE90032FDF77DFC08B1FAF708FE39
:10849000DBF8001041F02001CBF80010DBF8000001
:1084A00000F020003590286840F00400286028681B
:1084B000C021309130A900F004004D46CDE931795A
:1084C000CDF8CC90CDE934A02648FCF70DFF234F22
:1084D00048221F49783748313846C7E903567D613D
:1084E000BD61FD613D627D6287E80601FBF71AFE12
:1084F00008B1FAF7D5FDDFF8648047221A4908F180
:10850000F008E7674046BC6388E82600C0E90356E8
:10851000C8F81450C8F81850C8F81C50C8F82050B3
:10852000C8F82450FBF7FEFD08B1FAF7B9FD0022A8
:10853000C4F8808047201146C8F83840FDF7C8F9D4
:1085400047205BE50044004000000258202B002437
:108550007000024000480040000C0258882C0024A3
:108560000014014000080258B804024030B4D0F8AA
:108570008C30202B02D030BC02207047C1B1BAB180
:108580000023C3660368A3F1B04CBCF5406C0CD06B
:108590005B6813F4000F08D0036853E800CF4CF079
:1085A000806C43E800C4002CF6D130BC02F088BFD8
:1085B00030BC0120704770477047000010B504467A
:1085C000D4F88800202801D0022010BD00292BD02B
:1085D000002A29D02165A4F85420A4F856200021AF
:1085E000C4F890102120C4F88800E06FF0B1174B58
:1085F000C363E36F16481864E36F1648D864E06FEE
:10860000016513462068D4F87CC02830216D0246ED
:108610006046FBF781FF48B11020C4F8900020208D
:10862000C4F88800012010BD012010BD2168402041
:1086300008622068083050E8001F41F0800140E8DF
:108640000012002AF5D1002010BD000093AE0008F2
:10865000D5AE000893AD000870477047FEE70000F4
:1086600000B59C482DED028B81B0FAF74FFC1E201F
:10867000DFED998A9949F0EE681AB0EE681AF0EECB
:10868000680A08809FED960A9648F9F749FE9548D2
:10869000F0EE681A9030B0EE681AF0EE680AB2EEAA
:1086A0000E0AF9F73DFE8F48F0EE681AC030B0EEC2
:1086B000681AF0EE680AB7EE000AF9F731FE894849
:1086C000F0EE681A3030B0EE681AF0EE680AB2EEDA
:1086D0000E0AF9F725FE8348F0EE681A6030B0EE16
:1086E000681AF0EE680AB7EE000AF9F719FE9FED76
:1086F0007E8A7C48F0EE681A6030B0EE681A80ED31
:108700000A8A9030F0EE680AB2EE0E0AF9F708FE17
:108710007648F0EE681AB0EE681AF0EE680AB7EE26
:10872000000AF9F7FDFD7148F0EE681AB0EE681A1C
:1087300080ED0A8A3030F0EE680AB2EE0E0AF9F7E0
:10874000EFFD6A48F0EE681A6030B0EE681AF0EE9D
:10875000680AB7EE000AF9F7E3FD6448F0EE681A1C
:108760006030B0EE681A80ED0A8A9030F0EE680A48
:10877000B2EE0E0AF9F7D4FD5D48F0EE681AB0EEDD
:10878000681AF0EE680AB7EE000AF9F7C9FD9FED26
:10879000590A5748DFED580AF0EE681A80ED0A0AC8
:1087A000C0ED0B0AB0EE681AF0EE680A9FED530AAE
:1087B0009038F9F7B5FDF0EE681AB0EE681ADFED03
:1087C000500A4B48B1EE080A6038F9F7A9FD9FED51
:1087D0004D0A47484C49603880ED0A0A4B4802F080
:1087E0001FFF4B494B4802F07AFB002240F2032066
:1087F000009002234848114600F0BAFD40F20120E3
:1088000000903B48022300211A46303000F0B0FDB2
:10881000022340F202200090002140481A4600F056
:10882000A7FD02234FF4017000903D4800211A4635
:1088300000F09EFD022340F20520009000213948FF
:108840001A4600F095FD012341F2AC014FF402708D
:10885000009035481A4600F08BFD3449344802F048
:10886000DFFE3449344802F03AFB3249324802F024
:10887000BFFB3249324802F0D3FE3249324802F09F
:108880002EFB3049304802F0B3FB2149214802F069
:10889000AFFB2E492E48FAF739F82E48F9F754FF66
:1088A0002D492E48FAF732F82D48F9F74DFF2D499A
:1088B0002D4802F021F92D4802F01AF92C492D48D3
:1088C00002F01AF901B02C48BDEC028B5DF804EB04
:1088D00002F00EB9C001002400000000680000246E
:1088E000000048421407002400C0DA453408002480
:1088F0005409002400A00C4600409CC500007A43A7
:108900000AD7233C0000C8428530000820240024F8
:1089100000000024B000002464120024880A00240F
:108920008C0B0024900C0024F40D0024119A0008F4
:1089300048250024A0000024C00000247D890008F0
:10894000F822002498010024E000002451260008A9
:10895000D4160024F00000247126000874170024A7
:1089600000010024399D00085C190024D806002469
:10897000059D000810190024F006002410B50178A8
:1089800055292ED1417801292BD1817839BBC27864
:1089900000211548012A0BD003464FF001045B79F2
:1089A00072B1022A12D0032A1BD0042A18D018E070
:1089B000027B521C02738279062A12D1817110E067
:1089C0000BB1042B0DD14471C1700AE00BB1042B23
:1089D00001D14471C17040F2EF11C471416200E0F5
:1089E0000471002010BD000010010024494808B5A2
:1089F000016841F001010160016801F0010100918D
:108A0000016841F00201016000680022012100F0CC
:108A1000020000900B20FCF75BFF0B20FCF74AFFE5
:108A200000220C201146FCF753FF0C20FCF742FFFC
:108A300000220D201146FCF74BFF0D20FCF73AFFFA
:108A400000220E201146FCF743FF0E20FCF732FFF8
:108A500000220F201146FCF73BFF0F20FCF72AFFF6
:108A6000002210201146FCF733FF1020FCF722FFF4
:108A7000002211201146FCF72BFF1120FCF71AFFF2
:108A800000222F201146FCF723FF2F20FCF712FFB6
:108A9000002238201146FCF71BFF3820FCF70AFFA4
:108AA000002239201146FCF713FF3920FCF702FFA2
:108AB00000223A201146FCF70BFF3A20FCF7FAFEA1
:108AC00000223B201146FCF703FF3B20FCF7F2FE9F
:108AD00000223C201146FCF7FBFE3C20FCF7EAFE9E
:108AE000002244201146FCF7F3FE4420FCF7E2FE8E
:108AF000002245201146FCF7EBFE4520FCF7DAFE8C
:108B0000002246201146FCF7E3FEBDE8084046205F
:108B1000FCF7D0BED84402581848002170B5164D55
:108B200000F114068160012205600824C1601F2540
:108B3000017404234174817486E83400C0E908425A
:108B400082622024C262C0E90C2181630A22C0E94A
:108B50000F14C0E91131C0E91331C0E91531C0E982
:108B60001712C0E91913FCF78BF9002803D0BDE8F0
:108B70007040FAF795BA70BD00A00040D4160024EA
:108B800070B519480021174D012200F1140C08247A
:108B900081601F2605604FF4A065C1600423017445
:108BA000417481748CE85400C0E908428262202438
:108BB000C26202630A22C0E90D51C0E90F14C0E984
:108BC0001131C0E91331C0E91531C0E91712C0E90C
:108BD0001913FCF755F9002803D0BDE87040FAF7E7
:108BE0005FBA70BD00A40040741700242DE9F04363
:108BF00087B014216846F7F706FE3E48016841F049
:108C000010010160016801F010010591016841F057
:108C100080010160016801F080010591016841F067
:108C200001010160016801F001010591016841F055
:108C300002010160016801F002010591016841F043
:108C400008010160016801F008010591016841F027
:108C50000401016000684FF47C46DFF89C8000222C
:108C600000F00400314605904046FCF73EFCDFF87A
:108C70008C904FF40077002239464846FCF735FCCB
:108C80000024694601254FF405708DE83100404607
:108C9000FCF72AFB00966946CDE90154404603944F
:108CA000FCF722FBDFF85880E802CDE900046946B2
:108CB00040460294FCF718FB02266946A8038DE89B
:108CC00051004046FCF710FBE8030090CDE9016439
:108CD000CDE9034669464046FCF706FB0097694626
:108CE000CDE9015448460394FCF7FEFA07B0BDE80D
:108CF000F0830000E04402580010025800080258B7
:108D0000000C02581348002110B5114C0123124ADF
:108D10000460C0E90121C0E9033141618161C161A1
:108D20000162FCF74DFC08B1FAF7BAF909480021D5
:108D3000FCF7EEFB08B1FAF7B3F906480021FCF79F
:108D400014FC002803D0BDE81040FAF7A9B910BD03
:108D50000054004014180024B175703013480021ED
:108D600010B5114C0123124A0460C0E90121C0E989
:108D7000033141618161C1610162FCF721FC08B1ED
:108D8000FAF78EF909480021FCF7C2FB08B1FAF79F
:108D900087F906480021FCF7E8FB002803D0BDE86E
:108DA0001040FAF77DB910BD005800406818002443
:108DB000DB3FB0001348002110B5114C0123124ACB
:108DC0000460C0E90121C0E9033141618161C161F1
:108DD0000162FCF7F5FB08B1FAF762F909480021D6
:108DE000FCF796FB08B1FAF75BF906480021FCF79F
:108DF000BCFB002803D0BDE81040FAF751B910BD04
:108E0000001C0058BC180024B17570300B48632258
:108E100010B50021084CEF23C0E902120161816105
:108E2000C0E90043FEF74FFB002803D0BDE8104027
:108E3000FAF736B910BD0000001C004010190024DC
:108E40000B4840F2E73210B50021084CEF23C0E98F
:108E5000021201618161C0E90043FEF734FB002882
:108E600003D0BDE81040FAF71BB910BD0020004048
:108E70005C1900241848002110B5164C0C224FF440
:108E8000E1330460C0E90131C160C0E904128161CD
:108E9000C161016241628162FEF792FF08B1FAF797
:108EA000FFF80D480021FEF7DFFC08B1FAF7F8F8EB
:108EB00009480021FEF7B2FC08B1FAF7F1F80648BC
:108EC000FEF78BFC002803D0BDE81040FAF7E8B8A5
:108ED00010BD0000004C0040D021002418480021A3
:108EE00010B5164C0C224FF4E1330460C0E9013197
:108EF000C160C0E904128161C161016241628162A5
:108F0000FEF75EFF08B1FAF7CBF80D480021FEF737
:108F1000ABFC08B1FAF7C4F809480021FEF77EFC63
:108F200008B1FAF7BDF80648FEF757FC002803D051
:108F3000BDE81040FAF7B4B810BD00000050004082
:108F4000642200241848002110B5164C0C224FF45E
:108F5000E1330460C0E90131C160C0E904128161FC
:108F6000C161016241628162FEF72AFF08B1FAF72E
:108F700097F80D480021FEF777FC08B1FAF790F852
:108F800009480021FEF74AFC08B1FAF789F80648BB
:108F9000FEF723FC002803D0BDE81040FAF780B8A4
:108FA00010BD000000780040F8220024184800217D
:108FB00010B5164C0C224FF4E1330460C0E90131C6
:108FC000C160C0E904128161C161016241628162D4
:108FD000FEF7F6FE08B1FAF763F80D480021FEF738
:108FE00043FC08B1FAF75CF809480021FEF716FCCB
:108FF00008B1FAF755F80648FEF7EFFB002803D052
:10900000BDE81040FAF74CB810BD0000007C0040ED
:109010008C23002470B518480021164C0C2300F155
:109020000C0C164D22158CE80E008161A614C1614E
:1090300001624162816280E87000FEF7C1FE08B102
:10904000FAF72EF80C480021FEF70EFC08B1FAF7EB
:1090500027F809480021FEF7E1FB08B1FAF720F8EC
:109060000548FEF7BAFB002803D0BDE87040FAF7C8
:1090700017B870BD0010014020240024A086010014
:109080001848002110B5164C0C224FF4E13304604F
:10909000C0E90131C160C0E904128161C1610162AE
:1090A00041628162FEF78CFE08B1F9F7F9FF0D48C5
:1090B0000021FEF7D9FB08B1F9F7F2FF09480021BA
:1090C000FEF7ACFB08B1F9F7EBFF0648FEF785FBAE
:1090D000002803D0BDE81040F9F7E2BF10BD000042
:1090E00000440040B42400241848002110B5164C58
:1090F0000C224FF4E1330460C0E90131C160C0E9E2
:1091000004128161C161016241628162FEF758FE11
:1091100008B1F9F7C5FF0D480021FEF7A5FB08B11E
:10912000F9F7BEFF09480021FEF778FB08B1F9F70F
:10913000B7FF0648FEF751FB002803D0BDE81040FA
:10914000F9F7AEBF10BD00000048004048250024DC
:109150001848002110B5164C0C224FF4E13304607E
:10916000C0E90131C160C0E904128161C1610162DD
:1091700041628162FEF724FE08B1F9F791FF0D48C4
:109180000021FEF771FB08B1F9F78AFF09480021B9
:10919000FEF744FB08B1F9F783FF0648FEF71DFB15
:1091A000002803D0BDE81040F9F77ABF10BD0000D9
:1091B00000140140DC250024FEE700001FB519481B
:1091C0001949069AA2F58072FF3A0FD0012A03D0FE
:1091D000B2F5807F22D114E0009A824201D1134976
:1091E00019E08A421AD11149243114E0009A8242CE
:1091F00002D10E490C310EE08A420FD10B493031B9
:1092000009E0009A824202D10849183103E08A42FB
:1092100004D106493C316846F9F7B8FA04B0002099
:1092200010BD0000D416002474170024140000247C
:1092300010B5B0F8F030B0F8EE20B0F90010B2EB95
:10924000530F05D202EB53048C4207DAC91A04E02B
:10925000A2EB53048C4201DD1944018000EE902AF8
:1092600090ED020A81694FF4B473F8EE600A9FED45
:109270001C1A4B4370EE600AB0F90C20B2F5005F87
:1092800060EE810A01EE103AC0ED040AB8EEC11A90
:1092900070EE810AC0ED080A0FDAB5EEC00AF1EEF1
:1092A00010FA0ADB41F288339A4206DD10EE103ADA
:1092B0000C4CA34201DA491C10E040F6B8339A4244
:1092C0000DDA10EE103AB3F18C4F08DA002A06DB03
:1092D00010EE102A044B9A4201DD491E816110BD37
:1092E000ACFF333D00803B4500409C4510B5BCB011
:1092F00081620446B0F9F200814202DC40428142C0
:1093000000DAA06294F8E800012810D002280CD1FD
:10931000B4F8EA00E82221463A906846F7F741FAA5
:10932000D4F8004108480FC8A0473CB010BDB4F8BD
:10933000EA00E82221463A906846F7F732FAD4F874
:1093400000410248EFE7000000010024F000002483
:1093500010B51B68014606E032F80A4CA2F1F40091
:109360008C4203D012689342F6D1002010BD000059
:1093700070B504461546012B0498A4F8EE1084F845
:10938000EC20A4F8EA0084F8E83002D0022B03D0E5
:1093900006E01548214601E014482146F9F7EEF9A8
:1093A000134941F6FF70134A4DB1012D11D0022D22
:1093B00042F2107305D0032D0AD10F4901E04FF49A
:1093C0007A53C4E93F12A4F8F23000BFA4F8F000C9
:1093D00070BDC4F8FC1047F248120849C4F80011E7
:1093E000A4F8F220F2E70000F000002400010024BD
:1093F000C9280008C1270008912600085528000840
:1094000070B58AB004460E980093134680B20A469F
:109410002146FFF79DFF040071D0B4F8D600002567
:109420002422401CA4F8D60011A9684684F8DB5019
:10943000D634F7F7B6F90DF1380CD4F82660D63CDF
:1094400020469CE80E00B0473948B4F9001000EE01
:10945000101A0268B8EEC00A04EB820181ED0B0A13
:10946000B4F90210026800EE101A04EB8201B8EEA3
:10947000C00A81ED1F0A0168491C0160142900D14E
:1094800005600021026890ED010AD0ED020A04EBAC
:109490008202D2ED0B1A92ED1F1A00BF31EE800A44
:1094A00071EE200A491C1429F8DBB3EE041ADFED33
:1094B000211A80EE812AC0EE010ABDEEC20A10EE2A
:1094C000102AA4F8D220FDEEE00A10EE901AA4F8BB
:1094D000D010C0ED021AC0ED011A2046FFF7A8FE19
:1094E000B4F8F000B4F8EE10B4F9D020B1EB500F9E
:1094F00006D201EB5001914209DA101A05E015E09D
:10950000A1EB5001914202DD1044A4F8D000B4F95F
:10951000D000B4F8EE10DFED080A401A00EE100A91
:10952000B8EEC00A20EE200A84ED330A0AB070BDFE
:109530000800002400000000ACFF333D2DE9F05F7F
:10954000DFF8A89116461F4604464FF0FF3A4FF049
:10955000020BC4E016F81A0CA6F1F405012808D095
:10956000C9F804A00021C9F808A0D44622794B46C6
:1095700061E0C9F804A00021C9F808A05246237987
:10958000484609E0D4F800C0B5F8EA803CF811C0BC
:10959000C44500D14160491C8B42F3DC217B002093
:1095A000C84608E0A368B5F8EAC033F81030634550
:1095B00000D10246401C8142F4DCC9F80820D8F8EA
:1095C0000400401C15D1206820B150E90412491C48
:1095D000914205D900230122022102F074FD20608E
:1095E00050F8101CB5F8EA204B1C40F8103C20F84D
:1095F0001120D8F80800411C64D0A2680BEB400190
:1096000002EB4003114452F8105C281A420018463D
:10961000921EF7F784F8A06850F8101C491E40F815
:10962000101C4FE02068B5F8EA8030F81100404582
:1096300000D15960491C8A42F4DC217B0020C846D5
:1096400009E000BFA268B5F8EA3032F810209A426B
:1096500000D18446401C8142F4DCC9F808C0D8F827
:109660000400411C14D022680BEB400102EB4003C4
:10967000114452F810CCACEB000042001846921E88
:10968000F7F74DF8206850F8101C491E40F8101CE0
:10969000D8F80800401C15D1A06820B150E9041288
:1096A000491C914205D900230122022102F00BFD41
:1096B000A06050F8101CB5F8EA204B1C40F8103C94
:1096C00020F81120A06810B150F8101C00E0002113
:1096D0002068217308B150F8100C20713668386882
:1096E000B0427FF437AFBDE8F09F00005C0000247B
:1096F000FEE770472DE9F047044688460027DFF86B
:109700002091D9F80000032131EA000013D0454D23
:10971000286820F080602860FBF7F4FE0646286881
:1097200010F0006F0ED0FBF7EDFE801B022805D96C
:109730000320BDE8F0870120BDE8F087286810F01D
:10974000006FF0D1D9F80000216820F47C3040EAA5
:109750000130C9F80000A0884FF47E42A168401E85
:10976000491EC0F3080002EA41210843A189D20141
:10977000491E02EA01410843217C491E120202EA05
:10978000016108432849086028480168626921F09E
:10979000C001114301600168A26921F02001114359
:1097A0000160016821F01001016021490A68E36944
:1097B0006FF3CF0242EAC3020A60016841F0100170
:1097C0000160B8F1000F12D0B8F1010F14D0016898
:1097D00041F400110160286840F080602860FBF7C8
:1097E00091FE0446286810F0006F0AD015E0016869
:1097F00041F400210160EEE7016841F4801101604D
:10980000E9E7FBF77FFE001B022802D90320BDE831
:10981000F087286810F0006FF3D03846BDE8F08775
:109820002844025800440258384402582C44025834
:109830003C4402582DE9F047044688460027DFF8EB
:109840002091D9F80000032131EA000013D0454DE2
:10985000286820F080502860FBF754FE06462868F0
:1098600010F0005F0ED0FBF74DFE801B022805D9DB
:109870000320BDE8F0870120BDE8F087286810F0DC
:10988000005FF0D1D9F80000218820F07C7040EA18
:109890000150C9F80000A0884FF47E42A168401E24
:1098A000491EC0F3080002EA41210843A189D20100
:1098B000491E02EA01410843217C491E120202EAC4
:1098C000016108432849086028480168626921F459
:1098D0004061114301600168A26921F400711143E4
:1098E0000160016821F48071016021490A68E3691F
:1098F0006FF3CF0242EAC3020A60016841F480714B
:109900000160B8F1000F12D0B8F1010F14D0016856
:1099100041F080710160286840F080502860FBF7BA
:10992000F1FD0446286810F0005F0AD015E00168D8
:1099300041F480010160EEE7016841F4000101603B
:10994000E9E7FBF7DFFD001B022802D90320BDE891
:10995000F087286810F0005FF3D03846BDE8F08744
:109960002844025800440258404402582C440258EB
:10997000444402582DE9F047234D4FF000080F46AC
:10998000044646462078A52833D12870A07861780F
:1099900008436880E0780521287120796871B4F85F
:1099A0000500E880204601F00DFF698881462046C9
:1099B000093101F0E9FEB9F1010F014616D1012983
:1099C00014D108EBC802104902EB08106A88EB3189
:1099D00001EB4000214609328146F6F75BFE48461E
:1099E00001F004FF08F1010000F0FF080749002022
:1099F00088800936688809348119CEB2BE42044491
:109A0000C0D3BDE8F0870000E8020024680000240D
:109A100010B5C9B2FFF7AEFF002010BD2DE9F84F19
:109A20000E460188DFF848B10025491C01804188B5
:109A3000012317460446491C418081881E22491C87
:109A40008180DBE9010C14E010F8198CA0F1F4011D
:109A500008F1010808F0FF0800F8198CB8F11E0F92
:109A600004D381F8DB2081F8DA5001E081F8DA30A4
:109A70000068DCF800108142E6D1DFF8F8C09946B2
:109A8000E246DCF80400DCF80830014615E000BFCF
:109A900010F8198CA0F1F40C08F1010808F0FF0887
:109AA00000F8198CB8F11E0F04D38CF8DB208CF869
:109AB000DA5001E08CF8DA900068D3F800C08445F1
:109AC000E6D1DAF80C2004F1180000920A46DAF820
:109AD0000010FFF733FDDBF80C1004F128000091B3
:109AE000DBE90123DBF80010FFF728FDB6F874105E
:109AF000C8206181B6F85A10A18196ED1A0ABCEE11
:109B0000C00A10EE101AE180B6F852102181B6F8A2
:109B10006C10E1816188C82900D9608016494A88A3
:109B2000642A01D9E57401E084F81390A288C82A58
:109B300000D9A0808988642901D9257501E084F8BD
:109B400014902188C82901D9208001E0642903D913
:109B5000FD73A574BDE8F88F0848007A012804D089
:109B600087F80F5084F81290F4E787F80F90F9E720
:109B700000010024F000002468000024C406002432
:109B80007047FBF72DBE000070B59CB04C216846B5
:109B9000F6F739FE202113A8F6F735FE0220FBF771
:109BA000DFFE2D4900242D480A6822F001020A60D8
:109BB0000A68026842F440420260026802F44042CD
:109BC0001B9202689204FCD5254A136843F00203F5
:109BD0001360126802F002021B92026842F44042D3
:109BE000026002680A6842F001020A60096801F036
:109BF00001011B9101688904FCD502200990012113
:109C0000C20378231825CDE900120AAA0C2682E89F
:109C10000B00CDE90D05CDE910640F906846129454
:109C2000FDF79CF808B172B6FEE740201A900823B1
:109C30000501CDE9163013ABCDE918053F2103220C
:109C400083E81600042113A8FCF7F0FD002801D0DA
:109C500072B6FEE71CB070BD2C04005818480258BC
:109C6000F44402581D48016841F4700101601C4928
:109C7000086840F0010008601A4A002010600A6875
:109C8000194B1A400A60194A1060121D1060121D0B
:109C90001060174A1060121D1060121D1060121D16
:109CA0001060121D1060121D1060121D1060121D38
:109CB00010600A6822F480220A600E4908600E488B
:109CC00000686FF30F00B0F1005F02D20B49012072
:109CD00008604FF000600A490860704788ED00E0B6
:109CE00000440258104402587FEDF6EA1844025826
:109CF00028440258604402580010005C088100515A
:109D000008ED00E010B50A4C4FF400710948E26A12
:109D1000521CE262A3789A4201DC012200E0002298
:109D2000FBF7E3FBE06AC82801D10020E06210BD28
:109D300010010024000802582DE9F04FFF482DEDD6
:109D4000028B81B04168491CFD4A4160FD49FE48D3
:109D5000FFF764FEFD481021FBF7C0FB9FEDFC8A76
:109D6000DFF8F0934FF00106FB4C4FF0000508B10F
:109D7000256310E0206B401C206305280BDDDFED20
:109D8000F70A2563E67099ED080A30EE600A84ED63
:109D9000050A89ED098AF24FF24894ED060AD7EDDB
:109DA000080AF8F78BFB00EE100AB7F9020000EE84
:109DB000900AED48B8EEC00AF8EEE00AF8F7FCFBAE
:109DC000DF49B862C87B01283ED19FEDE80B206DCA
:109DD0000028887A02D0022814D035E0022811D059
:109DE000C888D4ED061AA0F5806001EE100AB8EE1E
:109DF000C12BB7EEE11A02EE001BB7EEC10B84EDEA
:109E0000060A21E094ED071A8888B7EEC12AA0F56A
:109E1000806001EE100AB8EEC11B01EE402BB7EED8
:109E2000C21B84ED071A94ED081AC888B7EEC12A40
:109E3000A0F5806001EE100AB8EEC11B01EE402BC8
:109E4000B7EEC20B84ED080A487A032804D0022832
:109E500004D0012804D006E0656404E0C54801E0B0
:109E600041F658306064887A012806D14A7B032A7B
:109E700003D1E278012A00D1E5704FF47A72B1F88B
:109E800002C0ACF50373934201D902281AD0E564ED
:109E900092460A88A2F50373534501D9022815D0CA
:109EA000C4F848504FF4487BD4F84C80D84519DBAF
:109EB000D4ED080A9FEDB00ABCF5806F0DD430EEEA
:109EC000C00A0CE0E36C5B1CE364E1E7D4F8488073
:109ED00008F10108C4F84880E4E730EE800A84ED18
:109EE000080AE5649FEDA50AD4F848C0DC450CDB00
:109EF000D4ED070AB2F5806F02D470EEC00A01E01B
:109F000070EE800AC4ED070AA5648A88A2F5037C76
:109F1000D44511D902280FD0D4F854C00CF1010C4B
:109F2000C4F854C0DC4508DBD4ED060AB2F5806FF6
:109F30002AD430EEC00A29E06565D3465B450BD9CB
:109F4000022809D0606B401C6063584505DBA0788F
:109F50000A281ED00A20A0706563C846B9F902001D
:109F600099ED090A00EE900AF8EEE00A70EE600A38
:109F7000F5EEC00AF1EE10FA00EE900AF8EEE00AF3
:109F800009DD30EE600A08E030EE800A84ED060A52
:109F9000D2E71120DFE730EEC00A794910EE100A4F
:109FA000884201DDE07808B1256410E0206C401C97
:109FB000206432280BDBDFED730A256498ED080A74
:109FC00030EE600A84ED050AE67088ED098A207992
:109FD00041F2883A01287DD19FED6B0ADFED6B0AD3
:109FE00087ED4A0AC7ED8B0A2078CAF10009D0B183
:109FF0006748D7ED490A94ED070AF8F75FFA00EED3
:10A00000100AB7F9060100EE900A6248B8EEC00ADD
:10A01000F8EEE00AF8F7DAF95045C7F82C0110DD40
:10A02000C7F82CA111E0B7F9060100EE900A5A48D2
:10A03000F8EEE00AF8F714FABDEEC00A87ED4B0A15
:10A0400003E0484501DAC7F82C916078D0B1534855
:10A05000D7ED8A0A94ED080AF8F730FA00EE100AF4
:10A06000B7F90A0200EE900A4D48B8EEC00AF8EEC1
:10A07000E00AF8F7ABF95045C7F8300212DDC7F82F
:10A0800030A213E0B7F90A0297ED8B0A00EE900AAE
:10A090004148F8EEE00AF8F7E3F9BDEEC00A87EDB3
:10A0A0008C0A03E0484501DAC7F83092B7F9060197
:10A0B00097ED4A0A00EE900AF8EEE00A70EE600AA8
:10A0C000F5EEC00AF1EE10FA00EE900AF8EEE00AA2
:10A0D00004DD00E088E030EE600A01E030EEC00A06
:10A0E000274810EE101A814201DD217809B1A563DD
:10A0F00010E0A16B491CA16332290BDBA56326701C
:10A10000DFED280A97ED490A84ED170A70EE200A60
:10A11000C4ED070AB7F90A1297ED8B0A00EE901A00
:10A12000F8EEE00A70EE600AF5EEC00AF1EE10FA01
:10A1300000EE901AF8EEE00A39DD35E0D80600248A
:10A14000C4060024E802002468000024001002581D
:10A1500000000000641200241001002400004843A5
:10A160008409002474070024440700249A999999CB
:10A170009999A93F90E8FFFF0090494600806D45FE
:10A1800000007A430000C84300007AC50080BBC5C8
:10A190003408002404080024140700249408002430
:10A1A00064080024E00BBF4830EE600A01E030EEA6
:10A1B000C00A10EE101A814201DD607808B1E56333
:10A1C00012E0E06B401CE06332280DDBE56397EDA5
:10A1D000490A84ED180A6670DFEDF90A97ED8A0ADC
:10A1E00030EE200A84ED080A40F2EF12DFEDF51A96
:10A1F0009FEDF52ADFEDF52AA3790320DFF8D09350
:10A200000421082B4FF0020E11D2DFE803F00411F5
:10A210002C4DA1F310F2237B002B08D06262E2895F
:10A22000521C92B2E2815A4501D9E581A67111E131
:10A23000227B012A04D0022A07D0032A0AD00FE089
:10A2400094ED0A0A30EE210A08E094ED0A0A30EE95
:10A25000020A03E094ED0A0A30EE220A84ED0A0AAB
:10A2600084F806E0F6E099ED081AD4ED0A0A30EE1B
:10A27000C10AB5EEC00AF1EE10FA01DC31EE600A57
:10A2800010EE102AB2F17F5F0CDAA27A521CD2B221
:10A29000A272322A07D9A572A071E26EA2F56C42B1
:10A2A000143A51E0A572D5E0B7F90E23C94B00EE80
:10A2B000902A93ED070AF8EEE00A70EEC00AF5EE78
:10A2C000C00AF1EE10FA00EE902AF8EEE00A02DD84
:10A2D00030EEC00A01E030EE600ABF4B10EE102AEB
:10A2E0009A421CDD228A521C92B22282642A01D92F
:10A2F0000722A271E26E97EDCB0A00EE902AF8EEEB
:10A30000E00A70EEC00AF5EEC00AF1EE10FA00EEB7
:10A31000902AF8EEE00A04DD30EEC00A03E0258260
:10A32000E8E730EE600ADFF8B4C210EE103A634599
:10A330000CDA237A5B1CDBB22372642B05D94EF650
:10A34000144325721A44A171E26683E0257281E00C
:10A3500094ED1B0AD7EDCB0AB8EEC01A31EE601AA5
:10A36000B5EEC01AF1EE10FAB8EEC01A02DD31EE09
:10A37000601A01E030EEC11A994B11EE102A9A4290
:10A3800003DA627A521C627200E06572B8EEC01A9B
:10A3900031EE601AB5EEC01AF1EE10FAB8EEC00A4E
:10A3A00002DD30EE600A01E030EEC00A8D4B10EEA7
:10A3B000102A9A4216DAE289521C92B2E281322ABB
:10A3C00002D9E58150226262627A642A42D96572BA
:10A3D0000522A271227B012A06D0022A0BD0032A71
:10A3E0000ED037E0E581EFE794ED0A0A30EE610A1E
:10A3F0000AE02AE00BE094ED0A0A30EE420A03E09C
:10A4000094ED0A0A30EE620A84ED0A0A22E099ED20
:10A41000081AD4ED0A0A30EEC10AB5EEC00AF1EE10
:10A4200010FA01DC31EE600A10EE102AB2F17E5F04
:10A4300009DAE27A521CD2B2E272642A0AD9E572CF
:10A440000622A27106E0E57204E0C7F83453C9F8A9
:10A45000285062626279042A28D2DFE802F02702DB
:10A460000A2261486064E07801281FD184F805E081
:10A4700020E01121A170A16D491CA165E279012A9A
:10A4800007D1227B521C2273A279062A00D1A67121
:10A49000E57140F2DC52914208DDA5656071E5701E
:10A4A0000FE0C4F844A0E078012802D0E07840B181
:10A4B00000E06171464688ED098AE078012855D0B0
:10A4C00005E094ED110AB8EEC00A88ED090AB8F962
:10A4D0000200464698ED090A00EE900A4348F8EE5D
:10A4E000E00AF7F7BDFFBDEEC00A86ED0A0A404E4E
:10A4F000F07BD0B394ED1B0A3648D7EDCB0AB8EE0B
:10A50000C00AF7F7DBFF00EE100AB7F90E0300EE02
:10A51000900A3848B8EEC00AF8EEE00AF7F756FF9E
:10A52000C7F83403F07BB8B33348D9ED080A94ED8B
:10A530000A0AF7F7C3FF00EE100AB9F9020000EEAD
:10A54000900A2E48B8EEC00AF8EEE00AF7F73EFF90
:10A55000C9F82800F07B01282BD02548F8F709FD21
:10A56000E5702571F07BE8B123E016E02448D6EDD4
:10A57000080A94ED050AF7F7E3FE00EE100AB6F9B3
:10A58000020000EE900A1F48B8EEC00AF8EEE00A9A
:10A59000F7F71CFFB062AAE701E0C7F83453C9F827
:10A5A0002850DAE7C8F82850BD62C7F82C51C7F820
:10A5B00030520025DFF850A02E464FF0500B41E0FE
:10A5C000005043480000B642000035430000874376
:10A5D000F40D0024540900240000FA43000048430D
:10A5E00000A00C4600C82F4760F0FFFF14070024AE
:10A5F000C406002424090024F4080024C40800240C
:10A60000D4070024A4070024D8060024B849CA6847
:10A61000009280690EC930F81600FEF799FEDAF84C
:10A62000042005EB850392FBFBFC0BFB1C219942EC
:10A6300006D183792946B0F8EA20AEA001F088F867
:10A640006D1C761CB548017FB142DFDC00261AE0A4
:10A65000A749CA680092006A0EC930F81600FEF7D2
:10A6600077FEDAF8042005EB850392FBFBFC0BFB7D
:10A670001C21994205D1B0F8EA20A9A0294601F091
:10A6800067F86D1C761CA54890F82410B142DFDCF9
:10A69000DFF8B4A200261EE0DAF80C200092806AEF
:10A6A00030F81600DAE90123DAF80010FEF750FE60
:10A6B000A64A05EB8503526892FBFBFC0BFB1C21B1
:10A6C000994206D183792946B0F8EA2089A001F0A1
:10A6D0003FF86D1C761C914890F82C10B142DBDCE1
:10A6E000DFF868B200261BE09749CA680092006B49
:10A6F0000EC930F81600FEF72BFEDBF804205021BF
:10A7000005EB850392FBF1FC01FB1C21994205D16D
:10A71000B0F8EA2082A0294601F01AF86D1C761CD8
:10A720007E4890F83410B142DEDC5026DA4605EB64
:10A7300085019FED878ADBF8040090FBF6F206FBAB
:10A74000120088420AD194ED190A82A020EE080A6C
:10A75000BDEEC00A10EE101A00F0FAFFDAF804009D
:10A760006D1C90FBF6F105EB850206FB1100904293
:10A770000AD194ED1A0A7CA020EE080ABDEEC00AA8
:10A7800010EE101A00F0E4FF7C48D8F82810FEF70D
:10A79000ADFD7B48B96AFEF7A9FD7A48D7F82C11C0
:10A7A000FEF7A4FD7848D7F83012FEF79FFD7748F2
:10A7B000D9F82810FEF79AFD7548D7F83413FEF73C
:10A7C00095FD614D40F2FF16009695E80F00FEF7EB
:10A7D000F5FC474800960FC8FEF7F0FCDAF80400D5
:10A7E0001E2190FBF1F201FB120028B9A08C64211C
:10A7F00002B2FE2001F010FC9FED665B9FED674BFF
:10A800009FED682B6949DFED6A0A9FED6A1B97EDA2
:10A81000490A94ED173A30EE430AB0EEC00AB7EE9B
:10A82000C06A86EE053B03EE442BB7EEC20B10EE7A
:10A83000100A88420ADA30EEC00AB7EEC02A82EE69
:10A84000010B01F049FA9FED5D1B09E030EE600A53
:10A85000B7EEC02A82EE010B01F03EFA9FED591BC4
:10A8600020EE010BB7EEC00B84ED190AD7ED8A1A62
:10A870009FED561A9FED562B9FED570B94ED183A0E
:10A8800071EEC31A81EE813AB7EEC31A01EE420BA4
:10A89000B7EEC00BF0EE000A9FED511B9FED522B5F
:10A8A0009FED533B60EE200A20EE000AB7EEE04A2F
:10A8B000B7EEC00A24EE011B30EE020B30EE432B44
:10A8C00082EE010B01F0FCF89FED4B1B4FF4007082
:10A8D00020EE010BB7EEC00B84ED1A0A009095E84C
:10A8E0000F00FEF76BFC01B0BDEC028BBDE8F08FF2
:10A8F000F0000024C0EBCFDFBCECB2E22E74256484
:10A900002E7478743D2225783A4F6E6C696E6520FE
:10A9100054454D503A2564A1E3220000680000240C
:10A92000C0EBCFDFBCECB2E22E7425642E747874D9
:10A930003D2225783A4F66666C696E652054454D18
:10A94000503A4E756C6C220000010024D806002499
:10A9500000007A44B8C4B1E4BDC7B6C82E78312E21
:10A9600076616C3D25640000B8C4B1E4BDC7B6C8CB
:10A970002E78302E76616C3D256400006412002430
:10A9800084090024880A00248C0B0024F40D002480
:10A99000900C002400000000E4452041000000006D
:10A9A000008064400000000000206A400000B042C7
:10A9B0000000B04296B20C712CB98440666666669F
:10A9C00066A64CC06666666666A64C4080C5C948E9
:10A9D000295C8FC2F510604000000000008C8240AE
:10A9E0003B70CE8812F980403D7294624A01124158
:10A9F000F7C264AAE13CF340CB67791EDCA54C406A
:10AA00000148FCF710BE00005C1900240148FCF767
:10AA10000ABE0000101900242DE9F00302682C4B37
:10AA2000DFF8B0C02C4D98422C4E2D4C0AD0B0F11E
:10AA3000804F07D0604505D0A84203D0B04201D076
:10AA4000A04203D122F070024F683A43254FDFF84D
:10AA500098809842DFF8949010D0B0F1804F0DD0DC
:10AA600060450BD0A84209D0B04207D0A04205D023
:10AA7000B84203D0404501D0484505D122F4407288
:10AA8000D1F80CC04CEA0202D1F814C022F08002C6
:10AA900042EA0C0202608A68C2620A6882629842D4
:10AAA00007D0A04205D0B84203D0404501D0484568
:10AAB00001D10969016301214161016911F0010FAF
:10AAC00003D0016921F001010161BDE8F003704785
:10AAD000000001400004004000080040000C00405D
:10AAE0000004014000400140004401400048014092
:10AAF0000068FCF74DBD0000074B02689A4202D186
:10AB0000064AD1601060064B02689A4203D1034A9C
:10AB10001832D1601060704700200040D806002431
:10AB2000001C00400449054810B500F031FABDE8AA
:10AB300010400348FCF748BFA8010024C8000024C7
:10AB4000D02100240148FCF73FBF0000642200240C
:10AB50000449054810B500F01BFABDE81040034851
:10AB6000FCF732BF98010024E0000024F822002402
:10AB70000449054810B500F00BFABDE81040034841
:10AB8000FCF722BFB8010024E80000248C23002435
:10AB90004DF8044D416E00291DD002689168C1F343
:10ABA00042619268520F104B13F802C04FEA0C1426
:10ABB00003F1080C1CF80220B4FBF2F2A0F86A20A2
:10ABC0005A5C1CF801101201B2FBF1F1A0F86810F8
:10ABD0005DF8044B70470121A0F86A10A0F86810D6
:10ABE0005DF8044B7047000054C5000890F8281029
:10ABF00011F0080F06D001684A68836B22F4004206
:10AC00001A434A6090F8281011F0010F06D001682D
:10AC10004A68C36A22F400321A434A6090F8281046
:10AC200011F0020F06D001684A68036B22F48032EB
:10AC30001A434A6090F8281011F0040F06D00168FA
:10AC40004A68436B22F480221A434A6090F8281025
:10AC500011F0100F06D001688A68C36B22F480528D
:10AC60001A438A6090F8281011F0200F06D001686E
:10AC70008A68036C22F400521A438A6090F8281004
:10AC800011F0400F11D001684A68436C22F4801221
:10AC90001A434A60416CB1F5801F06D101684A68C9
:10ACA000836C22F4C0021A434A6090F8281011F015
:10ACB000800F06D001684A68C06C22F4002210435D
:10ACC000486070472DE9F84304460025C4F89050C9
:10ACD000FAF718FC8046206800686FF07E474FF056
:10ACE000200610F0080F17D00022434631042046FA
:10ACF000009700F03BFC78B1206850E8001F21F07D
:10AD0000800140E80012002AF6D1C4F8886084F877
:10AD100084500320BDE8F8832068006810F0040F19
:10AD200022D0002243464FF480012046009700F0D5
:10AD30001DFCC8B1206850E8001F21F4907140E864
:10AD40000012002AF6D12068083050E8001F21F0D8
:10AD5000010140E80012002AF5D1C4F88C6084F8A3
:10AD600084500320BDE8F883C4F88860C4F88C6080
:10AD7000E566256784F884500020BDE8F88310B5A7
:10AD8000806B0021A0F85E10A0F85610FCF71BFEA7
:10AD900010BD70B5846BD4F88800D4F88C5021684D
:10ADA00089684FF0000611F0800F06D0212804D1E9
:10ADB000A4F85660204600F0D3F82068806810F0B0
:10ADC000400F06D0222D04D1A4F85E60204600F08A
:10ADD0008DF8D4F8900040F01000C4F890002046A0
:10ADE000FCF7F1FD70BD014610B5886B0023C96901
:10ADF000B1F5807F31D0A0F85E30016851E8002FB6
:10AE000022F4807241E8002CBCF1000FF5D10168FA
:10AE1000083151E8002F22F0010241E8002CBCF17A
:10AE2000000FF4D10168083151E8002F22F04002F0
:10AE300041E8002CBCF1000FF4D12021C0F88C10A7
:10AE4000C16E012909D1016851E8002F22F01002DA
:10AE500041E8002CBCF1000FF5D10367C16E012958
:10AE600002D0FDF7A8FB10BDB0F85C10FCF7D4FCD5
:10AE700010BD10B5806B01210167C16E012902D0A0
:10AE8000FDF79AFB10BDB0F85C104908FCF7C4FC54
:10AE900010BD014610B5886BC969B1F5807F16D029
:10AEA0000021A0F856100168083151E8002F22F067
:10AEB000800241E80023002BF5D1016851E8002F02
:10AEC00042F0400241E80023002BF6D110BDFDF70F
:10AED000C3FB10BD10B5806BFDF7BFFB10BD006854
:10AEE0000068016841F0100101607047016851E895
:10AEF000002F22F4907241E80023002BF6D1016864
:10AF0000083151E8002F22F0010222F0805241E87E
:10AF10000023002BF3D1C16E012908D1016851E84B
:10AF2000002F22F0100241E80023002BF6D120214F
:10AF3000C0F88C100021C1664167704710B50168E8
:10AF400051E8002F22F0400241E80023002BF6D107
:10AF50002021C0F8881000218167FDF77DFB10BD1E
:10AF6000016851E8002F22F0C00241E80023002BC5
:10AF7000F6D10168083151E8002F22F4000241E8BF
:10AF80000023002BF5D12021C0F888107047000065
:10AF900070B5044600680D460168C969C943C90611
:10AFA00023D4FCF7BFFC226810210820126811622C
:10AFB000216809680862D4E90012A888D1F88010D5
:10AFC00009684968A0EB010086B212B128683146D1
:10AFD0009047064806602068FCF76EFCAA88206847
:10AFE0002968BDE87040FDF7C1BA70BDAC0000240F
:10AFF0008A8800680968FDF7B9BA00002DE9F043B6
:10B0000087B004460025F64B20682269A168D4F871
:10B010001CC01143626942EA0C0211430268DFF866
:10B02000C4C302EA0C021143016020684168E2686F
:10B0300021F4405111434160A0692168994201D037
:10B04000226A10438A6822F4306222F06E42104372
:10B0500088602068C16A626A21F00F011143C162F1
:10B060002268E148A2F18041B1F588312FD0A2F1E8
:10B070008041B1F5884148D0A2F18041B1F59041BD
:10B080005BD0A2F18041B1F5984170D0A2F180412E
:10B09000B1F5A0416AD0A2F18041B1F58A3172D0F8
:10B0A000A2F18041B1F5F0416ED0A2F18041B1F53D
:10B0B000F8416AD09A4269D1001D006800F007008B
:10B0C00006286ED2DFE800F0D6D8DADCDEE00068D1
:10B0D00000F03800182812D005DC50B108280AD03A
:10B0E000102804D109E020280BD028280BD080217B
:10B0F000CFE00121CDE00421CBE00821C9E01021FF
:10B10000C7E02021C5E04021C3E0006800F007004F
:10B11000062810D2DFE800F0030507090B0D002117
:10B12000B7E00421B5E00821B3E01021B1E020210F
:10B13000AFE04021ADE08021ABE0006800F0070007
:10B14000062810D2DFE800F0030507090B0D0021E7
:10B150009FE004219DE008219BE0102199E020213F
:10B1600097E0402195E0802193E000E01CE000683A
:10B1700000F00700062815D2DFE800F003090B0DE8
:10B180000F11002185E027E044E05BE080E004212E
:10B190007FE008217DE010217BE0202179E0402143
:10B1A00077E073E0802174E0006800F00700062873
:10B1B00010D2DFE800F0030507090B0D002168E05D
:10B1C000042166E0082164E0102162E0202160E0B3
:10B1D00040215EE080215CE0006800F03800182823
:10B1E00012D005DC50B108280AD0102804D109E09B
:10B1F00020280BD028280BD080214AE0012148E0EC
:10B20000042146E0082144E0102142E0202140E0F2
:10B2100040213EE0006800F00700062810D2DFE879
:10B2200000F0030507090B0D002132E0042130E096
:10B2300008212EE010212CE020212AE0402128E0E6
:10B24000802126E0006800F00700062810D2DFE821
:10B2500000F0030507090B0D00211AE0042118E096
:10B26000082116E0102114E0202112E0402110E016
:10B2700080210EE002210CE004210AE0082108E010
:10B28000102106E0202104E0402102E0802100E0BE
:10B2900080215648564E0027DFF858919A424FEACF
:10B2A000201C57D110292AD006DC02291AD00429E3
:10B2B0001BD0082904D11DE020292BD040292BD0F8
:10B2C00000200125F0B3616A36F81120B0FBF2F1DD
:10B2D000666806EB46038B4202D8B1EB063F1ED9E7
:10B2E0000125E1E0FAF76CFBECE704A8FAF77AFB3A
:10B2F0000598E7E701A8FAF75DFC0298E2E7D9F8BC
:10B30000001011F0200FDDD0D9F80010C1F3C101F9
:10B31000C840D7E76046D5E74FF40040D2E70023A6
:10B320001946F5F726F90902020241EA1061700890
:10B330001018324679410023F5F71BF92E4AA0F583
:10B34000407100E04BE0914202D82168C860ABE058
:10B350000125A9E0E2694FF6EF78B2F5004F08D079
:10B3600008297DD061DC71B301297ED0042962D126
:10B370007EE0082942D005DC31B3012927D0042919
:10B3800006D127E010293ED0202947D0402947D0B8
:10B390000020012518B3616A36F81110B0FBF1F0F6
:10B3A0004100606801EB5001B1FBF0F0A0F1100129
:10B3B000414538D84FF6F0710140C0F342000843D0
:10B3C0002168C86070E04DE0FBF7B2FBE2E7FBF7F5
:10B3D000C3FBDFE704A8FAF705FB0598DAE75CE0B2
:10B3E000000C0058F369FFCF544402580090D0037A
:10B3F0003CC5000800440258FFFC0F0001A8FAF702
:10B40000D9FB0298C6E7D9F8001011F0200FC1D07F
:10B41000D9F80010C1F3C101C840BBE76046B9E7E5
:10B420004FF40040B6E701253EE010292AD020293C
:10B4300034D0402934D00020012570B3616A36F839
:10B440001110B0FBF1F1606801EB5001B1FBF0F0BD
:10B45000A0F11001414526D8216880B2C86023E0E0
:10B460000BE002E0FBF764FBE7E7FBF775FBE4E7C3
:10B4700004A8FAF7B7FA0598DFE701A8FAF79AFBEC
:10B480000298DAE7D9F8001011F0200FD5D0D9F8DA
:10B490000010C1F3C101C840CFE705E06046CCE72A
:10B4A0004FF40040C9E701250120A4F86A00A4F880
:10B4B00068006767A76707B02846BDE8F08300000B
:10B4C00010B504461346A165A4F85C300021C4F809
:10B4D00090102220C4F88C00D4F8800000281DD0E1
:10B4E0001F4AC263D4F880201E481064D4F880201C
:10B4F0001D48D064D4F8800001652068A26D00F179
:10B500002401D4F88000F9F707F838B11020C4F806
:10B5100090002020C4F88C00012010BD206940B1AB
:10B52000206850E8001F41F4807140E80012002AB2
:10B53000F6D12068083050E8001F41F0010140E8D2
:10B540000012002AF5D12068083050E8001F41F0B1
:10B55000400140E80012002AF5D1002010BD000093
:10B56000E7AD000873AE000893AD00082DE9F04781
:10B5700004460D4617469846089E2068C06935EA7D
:10B58000000028D00020B84245D14FF00009B6F1A4
:10B59000FF3F38D0F9F7B6FFA0EB0800B0421CD847
:10B5A000DEB12068016811F0040F2CD0802D2AD064
:10B5B000402D28D0C16911F0080F11D0206808254E
:10B5C00005622046FFF792FCC4F8905084F88490FE
:10B5D0000120BDE8F0870120D5E70320BDE8F08712
:10B5E000C06910F4006F0ED021684FF4006008624B
:10B5F0002046FFF77BFC2020C4F8900084F884905C
:10B600000320BDE8F0872068C06935EA000005D056
:10B610000020B842BBD00020BDE8F0870120F8E749
:10B6200010B504681023204A23620368934202D1B4
:10B630001E4AC2E900011E4B02689A4203D11B4A0E
:10B640000832C2E900011B4B02689A4203D1174A33
:10B650001032C2E90001184B02689A4203D1134A22
:10B660001832C2E90001154B02689A4203D10F4A11
:10B670002032C2E90001124B02689A4203D10B4A00
:10B680002832C2E900010F4B02689A4203D1074AEF
:10B690003032C2E900010C4B02689A4203D1034ADE
:10B6A0003832C2E9000110BD00100140B000002492
:10B6B0000044004000480040004C00400050004062
:10B6C0000014014000780040007C00400449054817
:10B6D00010B5FFF75DFCBDE810400348FCF774B9F6
:10B6E00000000024B0000024202400240449054860
:10B6F00010B5FFF74DFCBDE810400348FCF764B9F6
:10B70000A0010024B8000024B42400240449054802
:10B7100010B5FFF73DFCBDE810400348FCF754B9F5
:10B72000A0000024C0000024482500240449054846
:10B7300010B5FFF72DFCBDE810400348FCF744B9F5
:10B74000B0010024D8000024DC250024FEE700001E
:10B750000FB40C48802110B503AB029AF4F780FFB8
:10B76000084A80B2FF21131811545970C01C9970F7
:10B7700082B2044901F5D470FCF720FF10BC5DF8DB
:10B7800014FB00005021002430B505000C4614D0F5
:10B79000022C12D90A48A11E42882846F7F7D8FD84
:10B7A0002919C2B211F8023C9A4206D111F8011CC3
:10B7B000B1EB102F01D1012030BD002030BD0000C1
:10B7C000A800002430B505000C460CD0022C0AD984
:10B7D000FF22611EF7F7D2FD291911F8011C8142E1
:10B7E00001D1012030BD002030BD0000F0B5B0F81F
:10B7F000052040F20113A549012A10D0032A40F286
:10B80000012740F2022C40F2062640F2072440F2C3
:10B81000013511D09A4267D1C3798B63BAE0C379FD
:10B820008A7A63F303028A72C3791B0963F30712EE
:10B830008A7200898881F0BDC2790A74027A4A74DA
:10B84000427A8A74827ACA74C27A0A75027B4A750D
:10B85000427B8A75827BCA75C27B0A76027C4A76F5
:10B86000427C8A76827CCA76C27C0A77027D4A77DD
:10B87000427D8A77827DCA77C27D81F82020027E50
:10B8800081F82120427E81F82220827E81F82320C7
:10B89000C27E81F82420027F81F82520427F81F832
:10B8A0002620827F81F82720C27F81F8282090F807
:10B8B000202081F8292090F8212081F82A2090F872
:10B8C000222081F82B2090F8232081F82C2090F85A
:10B8D000242081F82D2090F8252081F82E2090F842
:10B8E000260081F82F00F0BDBA4253D1C37981F808
:10B8F0004430037A81F84530437A81F84630837AC0
:10B9000081F84730C37A81F84830037B81F84930A9
:10B91000437B81F85830837B81F85930C37B81F8B1
:10B920005A30037C81F85B30437C81F85C30837C47
:10B9300081F85D30C37C81F85E30037D81F85F3033
:10B94000437D81F86030837D81F86130C37D81F86B
:10B950006230037E81F86330C37F81F8523090F803
:10B96000203081F8533090F8217091F8573067F308
:10B97000000381F8573090F821707F0867F3410386
:10B9800081F8573090F82170BF0867F3820381F87F
:10B99000573033E0624531D1C679012381F86460C4
:10B9A000067A81F86560467A81F86660867A81F861
:10B9B0006760C67A81F86860067B81F86960467BBB
:10B9C00081F86A60867B81F86B60C67B81F86C6069
:10B9D000067C81F86D60467C81F87460867C81F815
:10B9E0007560467D81F87660867D81F8776081F8A4
:10B9F000783081F8793081F87A3009E0B24207D1A5
:10BA0000C47991F8923064F3030381F8923017E01F
:10BA1000A24215D1C27981F89420027A81F895204A
:10BA2000427A81F89620827A81F89820C27A81F849
:10BA30009920027B81F89A20407B81F89B00F0BD21
:10BA4000AA42FCD1C37981F8D430037A81F8D53089
:10BA5000437A81F8D830837A81F8D9300B4AC37A97
:10BA600081F8D630DC32037B81F8D730417B91718D
:10BA7000817BD171C17B1172017C5172417C9172C9
:10BA8000817CD172C07C1073F0BD0000E8020024FC
:10BA900003B401984100009850EAC12018BF042067
:10BAA0004A0D18BF40F0010040F2FF72B2EB515F47
:10BAB00008BF40F00200012808BF052002B070470F
:10BAC00010B5694A2DED020B2DED0C8B82B00F994C
:10BAD00021F000409FED66CB90422CDBA0F140535B
:10BAE0000E9AA3F17F631A430FD06349884202DCA8
:10BAF00016D10E98A0B19DED0E0B02B0BDEC0C8BD3
:10BB000002B0BDE8104000F01FBA0029CCBF9FED85
:10BB10005C0BB0EE4C0B02B0BDEC0C8B02B010BD58
:10BB20000120F4F74EFF02B0BDEC0C8B02B0BDE873
:10BB3000104000F00DBA544A9FED558B9FED569B77
:10BB400090422ADA56499FED58BB8142A8BFB0EE19
:10BB50004B0BE0DA9DED0E0B5548062120EE00ABB5
:10BB6000B0EE4A0B784400F0B7F920EE0ACB51480A
:10BB7000B0EE4A0B0421784400F0AEF90AEE008BD7
:10BB80009DED0E1B8CEE080B01EE409B9DED0E0B08
:10BB900030EE490B3BEE400BBDE79FED470B9FEDB1
:10BBA00048BB9DED0E1B002926DA31EE081B4648E6
:10BBB000062121EE00ABB0EE4A0B784400F08CF980
:10BBC00020EE0ADB4148B0EE4A0B0421784400F035
:10BBD00083F90AEE008B51EC1A0B00F03FFA8DEE60
:10BBE000081B41EC100B11EE009B30EE091BB0EE70
:10BBF0004C0B01EE4B0B8EE738EE411B21EE009B08
:10BC000051EC190B00F02AFA41EC1C0B00208DEDD1
:10BC100000CB00909DED001B9DED002BB0EE490B7D
:10BC20002B4801EE420B06213CEE011B80EE01ABDE
:10BC3000B0EE490B784400F04FF920EE09DB2548BF
:10BC4000B0EE490B0421784400F046F909EE008B70
:10BC50008DEE080B00EE0CAB9DED000B30EE0A0BE9
:10BC600020EE0B0B57E700000000F03F0000000043
:10BC7000182D4454FB2109400000F07F0000000013
:10BC800000000000000000000000E03F0000000095
:10BC9000000000000000F03F075C143326A6913C32
:10BCA0000000603C00000000182D4454FB21F93FC7
:10BCB000100A00002E0A0000000000000000E03F13
:10BCC0000000000000000040BA090000D809000090
:10BCD000400900005E09000070B565482DED020BBB
:10BCE0002DED048B059D25F00044A04218DC614831
:10BCF000844202DC0AD1049840B19DED040BBDECF6
:10BD0000048B02B0BDE8704000F01EB9002DCCBF1E
:10BD10009FED590B9FED5A0BBDEC048B02B070BD2B
:10BD20005948A04215DD5948A042D8BF4FF0FF3412
:10BD300055DD9DED040B51EC100BFFF7A9FE042817
:10BD400008BF00F011F99DED040BBDEC048B02B0AF
:10BD500070BD9DED040B51EC100B00F018F9CDE90E
:10BD600004014B489FED4C0BA0421CDD4C48A04207
:10BD70000BDD9DED042B00249FED4B1B12EE010B00
:10BD800032EE011B80EE012B27E09DED041B9DEDA3
:10BD9000042B012431EE401B32EE000B81EE002B10
:10BDA0008DED042B1BE04248A0420FDD9DED042BDE
:10BDB00002249FED411B9DED043B32EE412B03EE2F
:10BDC000010B82EE001B8DED041B08E09DED040BC2
:10BDD0009FED3B1B032481EE002B8DED042B9DED8D
:10BDE000040B3948062120EE009B29EE098BB0EEAA
:10BDF000480B784400F070F820EE099B3348B0EE11
:10BE0000480B0521784400F067F820EE080B002C61
:10BE10000BDA9DED042B39EE001B9DED040BBDEC00
:10BE2000048B02B002EE410B70BD2948784439EE14
:10BE3000000B00EBC4009DED042B90ED001B25488A
:10BE400012EE001B9DED040B31EE400B784400EB2D
:10BE5000C400002D90ED001B31EE400BB8BFB1EED9
:10BE6000400BBDEC048B02B070BD00000000000070
:10BE7000000010440000F07F182D4454FB21F93FCE
:10BE8000182D4454FB21F9BF0000DC3F0000203E88
:10BE90000000F33F00000000000000000000F03F41
:10BEA0000000E63F0000000000000000000000402D
:10BEB0000080034000000000000000000000F83F88
:10BEC000000000000000F0BF3A0800000008000079
:10BED000B807000078070000491E00EBC102B0EE71
:10BEE000401B92ED000B31F006020DD0491E00EB15
:10BEF000C102B0EE403B92ED002B31F00602B0EEF5
:10BF0000420B03EE010BF1D1022914D004290AD00F
:10BF1000062918BF704790ED0A2B00EE012B90ED1B
:10BF2000080B02EE010B90ED062B00EE012B90EDBD
:10BF3000040B02EE010B90ED022B00EE012B90EDB5
:10BF4000000B02EE010B704730EE000B7047000053
:10BF50009FED031B81EE010B704700000000000005
:10BF600000000000000000009FED030B20EE000B1E
:10BF700070470000000000000000000000000010FA
:10BF800030380A2801D2012070470020704782B063
:10BF9000CDE9000121F0004001909DED000B02B0C1
:10BFA00051EC100B7047F9F723FCFDF7EDFDFCF7A2
:10BFB0001DFEFCF71BFDFDF72DF8FCF7ADFDFCF7B2
:10BFC000DFFDFCF73DFFFDF75BF8FDF78DF8FCF7B3
:10BFD00051FFFCF783FFFDF7BBF8FCF7B3FFFCF75D
:10BFE000E5FFFCF78FFEFCF7B9FEFCF7E3FEFCF77C
:10BFF0000DFFFCF735FBFEE710B5C27800230221E8
:10C00000921C04E0445C491CC9B223449BB28A429E
:10C01000F8D8D843C0B210BD2DE9F0410D4C5523DE
:10C0200007250126170A63704FEA112C2370A070B0
:10C030002046E57026716271A771E17184F808C02D
:10C04000FFF7DAFF60722146BDE8F04102480A229C
:10C05000FCF7B4BA080700246422002400B541ECC0
:10C06000100B2DED028B83B0B1EEC08B18EE100AD1
:10C0700018EE901A8DED008B002818BF01200843A0
:10C0800020F00040C0F17F6000F1E040C00F14D00C
:10C0900010EE101A10EE900A8DED000B002918BF5B
:10C0A0000121084320F00040C0F17F6000F1E04032
:10C0B000C00F04BF0120F4F784FC51EC180B03B04F
:10C0C000BDEC028B00BD70B504001D464FF00006AC
:10C0D00002D054F8100C00E000201044A84200D90F
:10C0E000054614B154F80C0C00E00020A84201D31E
:10C0F000204670BD14B154F80C0C00E00020B5EBE4
:10C10000400F06D214B154F80C0C00E0002045009A
:10C1100002E0042D00D20425694301F1100114B19D
:10C12000A4F1100000E00020F4F7C7F910302CB99A
:10C1300040F8106C40F8086C40F8046C40F80C5C57
:10C1400070BD01EE100A70EEC00A0120B8EEC11AEF
:10C150008840401E21EE201A00EE900AF8EEE01A08
:10C16000C1EE210A30EE800A7047000010B50029A8
:10C170000AD00878002807D005487844F4F76AFB0D
:10C18000002801D0002010BD0248784410BD0000F6
:10C1900002060000FA05000010B500290AD0087850
:10C1A000002807D005487844F4F754FB002801D054
:10C1B000002010BD0248784410BD0000F2050000C8
:10C1C000EA0500004FF04070E1EE100A7047F5F705
:10C1D00097B8F5F7CBB9005EBCE2613FDD83C29C46
:10C1E0007E20A3FD1F419DC3217FFCA2401E5F0155
:10C1F000E3BD3E6082DC237D9FC1421CFEA0E1BF07
:10C200005D0380DE3C62BEE0025CDF81633D7C2238
:10C21000C09E1D43A1FF4618FAA427799BC584DA66
:10C220003866E5BB5907DB856739BAE40658194714
:10C23000A5FB7826C49A653BD987045AB8E6A7F9C6
:10C240001B45C6987A24F8A6441A99C7257B3A64F8
:10C2500086D85B05E7B98CD2306EEDB3510F4E1026
:10C26000F2AC2F7193CD114FADF3702ECC92D38DD4
:10C270006F31B2EC0E50AFF1134DCE90722C6D3386
:10C28000D18F0C52B0EE326C8ED0530DEFB1F0AEB8
:10C290004C1291CF2D73CA947628ABF517490856E6
:10C2A000B4EA6937D58B5709EBB536688AD495CB94
:10C2B0002977F4AA4816E9B7550B88D6346A2B7546
:10C2C00097C94A14F6A8742AC896154BA9F7B6E878
:10C2D0000A54D7896B350000891112239B322446FA
:10C2E000AD573665BF74488CC19D5AAFD3BE6CCA7A
:10C2F000E5DB7EE9F7F88110080193331A22A55691
:10C300002C47B7753E64C99C408DDBBF52AEEDDA59
:10C3100064CBFFF976E802218B301002991326676F
:10C32000AF763444BD554AADC3BC588ED19F6EEB39
:10C33000E7FA7CC8F5D983310A2091121803A77750
:10C340002E66B5543C45CBBD42ACD99E508FEFFB19
:10C3500066EAFDD874C904428D5316619F702004AB
:10C36000A9153227BB364CCEC5DF5EEDD7FC6888F9
:10C37000E1997AABF3BA85520C4397711E60A11410
:10C380002805B3373A26CDDE44CFDFFD56ECE998D9
:10C390006089FBBB72AA06638F7214409D512225EF
:10C3A000AB343006B9174EEFC7FE5CCCD5DD6AA9B9
:10C3B000E3B8788AF19B87730E6295501C41A335D0
:10C3C0002A24B1163807CFFF46EEDDDC54CDEBB999
:10C3D00062A8F99A708B088481951AA793B62CC22B
:10C3E000A5D33EE1B7F04008C919522BDB3A644EA1
:10C3F000ED5F766DFF7C899400859BB712A6ADD268
:10C4000024C3BFF136E0C1184809D33B5A2AE55E80
:10C410006C4FF77D7E6C0AA583B4188691972EE346
:10C42000A7F23CC0B5D14229CB38500AD91B666F60
:10C43000EF7E744CFD5D8BB502A499961087AFF327
:10C4400026E2BDD034C1C3394A28D11A580BE77F40
:10C450006E6EF55C7C4D0CC685D71EE597F4288082
:10C46000A1913AA3B3B2444ACD5B5669DF78600C20
:10C47000E91D722FFB3E8DD604C79FF516E4A990E7
:10C480002081BBB332A2C55A4C4BD7795E68E11C00
:10C49000680DF33F7A2E0EE787F61CC495D52AA1C6
:10C4A000A3B03882B193466BCF7A5448DD59622DE0
:10C4B000EB3C700EF91F8FF706E69DD414C5ABB1A7
:10C4C00022A0B9923083C77B4E6AD5585C49E33DC0
:10C4D0006A2CF11E780F0000000102030405060714
:10C4E000080C10141820304000000000000000006C
:10C4F000000000000000000000000000010000003B
:10C500000200000003000000040000000000000022
:10C510000500000000000000000000000000000016
:10C520000600000000000000000000000000000005
:10C530000700000000061016000610160100020099
:10C540000400060008000A000C0010002000400053
:10C55000800000010101010307010000080402043A
:10C5600008010101000000000102030401020304AC
:10C570000607080900000000555555555555C53F9B
:10C580007D6FEB0312D6D4BF5544880E55C1C93F09
:10C590003B8F68B52882A4BF88B20175E0EF493FA0
:10C5A00009F7FD0DE13D023F4B2D8A1C273A03C0E0
:10C5B000C88A599CE52A004059018D1B6C06E6BFCC
:10C5C00082922EB1C5B8B33F4FBB610567ACDD3F6A
:10C5D000182D4454FB21E93F9BF681D20B73EF3FAA
:10C5E000182D4454FB21F93FE2652F227F2B7A3C22
:10C5F000075C143326A6813CBDCBF07A8807703CDB
:10C60000075C143326A6913CC4EB98999999C9BF4D
:10C61000711623FEC671BCBF6D9A74AFF2B0B3BF82
:10C620009AFDDE522DDEADBF2F6C6A2C44B4A2BF42
:10C630000D5555555555D53FFF8300922449C23FAE
:10C640006E204CC5CD45B73F513DD0A0660DB13FE2
:10C65000EB0D76244B7BA93F11DA22E33AAD903FF4
:10C66000000000000000000030313233343536372E
:10C670003839414243444546403058003031323326
:10C680003435363738396162636465664030780026
:10C69000040000080000000000000002000100008B
:10C6A000103031323334353637383961626364657E
:10C6B000667870003031323334353637383941429C
:10C6C000434445465850000002400000000000A0CE
:10C6D0000000000005400000000000C8000000004D
:10C6E0000C4000000000409C0000000019400000C9
:10C6F0000020BCBE0000000034400000BFC91B8EFB
:10C7000000000004B5400000504BCFD06607E2CFD8
:10C71000010000006C4100003E8251AADFEEA73408
:10C7200001000000D9420000DCB5A0E23A301F97BA
:10C73000FFFFFFFFB4450000FD25A0C8E9A3C14FDE
:10C74000FFFFFFFFFF3F000000000080000000002F
:10C75000FF3F00000000008000000000A8C80008A3
:10C7600000000024C0010000D4020008F8C800083E
:10C77000C0010024407F0200300300081C000000BC
:10C7800043000000F8FFFFFF0C0000000E00000057
:10C790000F0000002E000000100100004300000008
:10C7A000F8FFFFFF004040404040404040404141D2
:10C7B0004141414040404040404040404040404076
:10C7C0004040404040050202020202020202020210
:10C7D000020202020220202020202020202020020D
:10C7E000020202020202909090909090101010109D
:10C7F0001010101010101010101010101010101039
:10C8000002020202020288888888888808080808CC
:10C810000808080808080808080808080808080898
:10C8200002020202400000000000000000000000C0
:10C8300000000000000000000000000000000000F8
:10C8400000000000000000000000000000000000E8
:10C8500000000000000000000000000000000000D8
:10C8600000000000000000000000000000000000C8
:10C8700000000000000000000000000000000000B8
:10C8800000000000000000000000000000000000A8
:10C890000000000000000000000000000000000098
:10C8A000000000000000000011126003102432A2FA
:10C8B000029BFF010C991809222485265941319ABF
:10C8C0002C24012D14800224393C0348FFFF22F45C
:10C8D0002A2404811304012A24046102210A5250EB
:10C8E000034887C329DF82102C90D0030413A819B2
:08C8F000332432091E08000088
:040000050800029954
:00000001FF
